INSERT INTO "user" ("userId", "role", "rated", "upvoted", "downvoted", "picture") VALUES
   ('auth0|664bd5d384b75fb6c997050f', 0, '[]', '{}', '{}', 'https://cdn.auth0.com/avatars/ab.png'),
   ('auth0|664bd4e728f06973e1ad995b', 0, '[]', '{}', '{}', 'https://cdn.auth0.com/avatars/cd.png'),
   ('auth0|664bd5133607699d90546f1f', 0, '[]', '{}', '{}', 'https://cdn.auth0.com/avatars/ef.png'),
   ('auth0|664bd549cd7249b0adc687da', 0, '[]', '{}', '{}', 'https://cdn.auth0.com/avatars/gh.png'),
   ('auth0|664bd56128f06973e1ad9992', 0, '[]', '{}', '{}', 'https://cdn.auth0.com/avatars/ij.png'),
   ('auth0|664bd57c63b005fba106f53c', 0, '[]', '{}', '{}', 'https://cdn.auth0.com/avatars/kl.png'),
   ('auth0|664bd59b84b75fb6c99704f1', 0, '[]', '{}', '{}', 'https://cdn.auth0.com/avatars/mn.png'),
   ('auth0|664bd5b4cd7249b0adc68813', 0, '[]', '{}', '{}', 'https://cdn.auth0.com/avatars/op.png'),
   ('auth0|664bd5f163b005fba106f584', 0, '[]', '{}', '{}', 'https://cdn.auth0.com/avatars/qr.png'),
   ('auth0|664bd6110f4ade208667e532', 0, '[]', '{}', '{}', 'https://cdn.auth0.com/avatars/st.png'),
   ('auth0|6649a759eddbd8048814d9ef', 0, '[]', '{}', '{}', 'https://cdn.auth0.com/avatars/te.png');

INSERT INTO course ("courseCode", "courseName", "courseDescription", "university") VALUES
    (
     'CSSE1001',
     'Introduction to Software Engineering',
     'Introduction to Software Engineering through programming with particular focus on the fundamentals of computing and programming, using an exploratory problem-based approach. Building abstractions with procedures, data and objects; data modelling; designing, coding and debugging programs of increasing complexity',
     'UQ'
    ),
    (
     'CSSE2002',
     'Programming in the Large',
     'Working on large and complex software systems and ensuring those systems remain maintainable requires disciplined, individual practices. Software must be well-specified, well-implemented and well-tested. This course covers concepts and techniques in modern programming languages that help support good practice (such as OO concepts, genericity and exception handling) with specific application to file IO and GUIs in Java.',
     'UQ'
    ),
    (
     'CSSE2310',
     'Computer Systems Principles and Programming',
     'Systems Programming in C. Operating Systems Principles: memory management, basics of machine organization, file systems, processes and threads, interprocess communication. Computer Networks Principles: topologies and models of computer networks, protocols, network programming, network applications.',
     'UQ'
    ),
    (
     'CSSE3010',
     'Embedded Systems Design and Interfacing',
     'Microcontroller system hardware and software. C programming for embedded microcontroller and peripheral devices. Principles and practice of using Embedded RTOS (Real Time Operating System) and peripheral devices such as sensors and actuators to build a small embedded system. Peripheral interfacing methods and standards. Analog-digital conversion methods and interfacing. Basics of digital communication signals, modulation schemes and error correction methods. Data compression, formats for audio, image and video coding.',
     'UQ'
    ),
    (
     'CSSE3012',
     'The Software Process',
     'Software lifecycle as an industrial process, definable, manageable and repeatable. Requirements engineering, object-oriented analysis. Software requirements specification, prototyping, verification and validation, configuration management, maintenance. Software quality, process standards, process improvement. Software engineering tools.',
     'UQ'
    ),
    (
     'CSSE3200',
     'Software Engineering Studio: Design, Implement and Test',
     'Students work in teams on a studio-based software development project to gain an understanding of the processes, techniques and tools used to manage and deliver large, complex software systems. The course covers software engineering, design, project management and team work processes. Students will learn techniques and tools used to manage complex software projects. These techniques and tools will be applied to software design, verification and validation, configuration management and documentation.',
     'UQ'
    ),
    (
     'CSSE4010',
     'Digital System Design',
     'The objective of this course is to give the students the theoretical basis and practical skills in modern design of medium size digital systems in various technologies, with a focus on Field Programmable Gate Arrays (FPGAs). The design methodology, systematically introduced and used in the course, is based on simulation and synthesis with hardware description language (VHDL) tools. Topics covered in this course include: conceptual design step from requirements and specification to simulation and synthesis model in VHDL, design of complex controllers with Finite State Machines, design of sequential blocks with Controller-Datapath methodology, issues in design for testability, electrical and timing issues in logic and system design, overview of implementation technologies with emphasis on advances in FPGAs.',
     'UQ'
    ),
    (
     'CSSE4011',
     'Advanced Embedded Systems',
     'Advanced topics in Embedded System, including wireless networks and wireless sensor networks.',
     'UQ'
    ),
    (
     'CSSE6400',
     'Software Architecture',
     'Software systems are often composed of a heterogeneous network of inter-related systems. In this course you will build upon the knowledge and skills you have developed so far to learn how to design complex systems. This will include how these systems communicate and coordinate their responsibilities. You will learn design techniques to manage the complexity of large systems. You will learn how to assess and manage software risks (e.g.security, scalability, availability, resilience, robustness). You will apply these techniques to build a system composed of heterogeneous computing devices (e.g. mobile devices, servers, cloud-hosted services). You will learn how to apply systems thinking to design large-scale cyber-physical systems.',
     'UQ'
    ),
    (
     'ENGG1001',
     'Programming for Engineers',
     'Introduction to programming for engineers focusing on the fundamentals of computing and programming, using an exploratory problem-based approach. Building abstractions with procedures, data and objects; data modelling; designing, coding and debugging programs of increasing complexity. Applying programming techniques to the analysis of real world data.',
     'UQ'
    ),
    (
     'ENGG1100',
     'Professional Engineering',
     'Introduction to engineering design through a discipline-specific team project. Students will learn and apply professional engineering concepts and issues including: sustainability, safety, estimation, materials selection, decision making, project management, information literacy, communication (graphics, written, oral), ethics, and prototyping (building). The course provides an introduction to engineering as a profession.',
     'UQ'
    ),
    (
     'COMP2048',
     'Theory of Computing',
     'The concept of computation is one of the central ideas in computer science. In this course, we will explore why the current generation of computing hardware is designed the way it is and show that computation is possible outside the natural realm of computers we have today. The course will introduce the grand unified theory of computation based on Turing machines, recursive functions, Lambda calculus and cellular automation. It will present the Church-Turing thesis to show that all these models are all equivalent. The theory of computation based on Turing machines will also include an introduction to finite state machines and their role in constructing regular languages. The course will also briefly introduce quantum computation and its applications. The necessary mathematical preliminaries in will be covered during the course.',
     'UQ'
    ),
    (
     'COMP4403',
     'Compilers and Interpreters',
     'Compiler modules; programming language specifications; lexical analysis, parsing - recursive descent and table driven; static semantics - symbol tables and type checking; error handling; introduction to code generation and optimisation; compiler generators; interpreters.',
     'UQ'
    );

INSERT INTO exam ("courseCode", "examYear", "examSemester", "examType") VALUES
     ('CSSE1001', 2023, 1, 'Final'),
     ('CSSE1001', 2022, 1, 'Final'),
     ('CSSE1001', 2021, 1, 'Final'),
     ('CSSE1001', 2020, 1, 'Final'),
     ('CSSE1001', 2023, 2, 'Final'),
     ('CSSE1001', 2022, 2, 'Final'),
     ('CSSE1001', 2021, 2, 'Final'),
     ('CSSE1001', 2020, 2, 'Final'),
     ('CSSE2002', 2023, 2, 'Final'),
     ('CSSE2002', 2022, 2, 'Final'),
     ('CSSE2002', 2021, 2, 'Final'),
     ('CSSE2002', 2020, 2, 'Final'),
     ('CSSE2310', 2023, 1, 'Final'),
     ('CSSE2310', 2022, 1, 'Final'),
     ('CSSE2310', 2021, 1, 'Final'),
     ('CSSE2310', 2020, 1, 'Final'),
     ('CSSE3010', 2023, 1, 'Final'),
     ('CSSE3010', 2022, 1, 'Final'),
     ('CSSE3010', 2021, 1, 'Final'),
     ('CSSE3010', 2020, 1, 'Final'),
     ('CSSE3010', 2023, 2, 'Final'),
     ('CSSE3010', 2022, 2, 'Final'),
     ('CSSE3010', 2021, 2, 'Final'),
     ('CSSE3010', 2020, 2, 'Final'),
     ('CSSE3012', 2023, 1, 'Final'),
     ('CSSE3012', 2022, 1, 'Final'),
     ('CSSE3012', 2021, 1, 'Final'),
     ('CSSE3012', 2020, 1, 'Final'),
     ('CSSE3200', 2023, 2, 'Midsem'),
     ('CSSE3200', 2022, 2, 'Midsem'),
     ('CSSE3200', 2021, 2, 'Midsem'),
     ('CSSE3200', 2020, 2, 'Midsem'),
     ('CSSE4010', 2023, 2, 'Final'),
     ('CSSE4010', 2022, 2, 'Final'),
     ('CSSE4010', 2021, 2, 'Final'),
     ('CSSE4010', 2020, 2, 'Final'),
     ('CSSE4011', 2023, 1, 'Final'),
     ('CSSE4011', 2022, 1, 'Final'),
     ('CSSE4011', 2021, 1, 'Final'),
     ('CSSE4011', 2020, 1, 'Final'),
     ('CSSE6400', 2023, 1, 'Midsem'),
     ('CSSE6400', 2022, 1, 'Midsem'),
     ('CSSE6400', 2021, 1, 'Midsem'),
     ('CSSE6400', 2020, 1, 'Midsem'),
     ('ENGG1001', 2023, 1, 'Final'),
     ('ENGG1001', 2022, 1, 'Final'),
     ('ENGG1001', 2021, 1, 'Final'),
     ('ENGG1001', 2020, 1, 'Final'),
     ('ENGG1100', 2023, 1, 'Final'),
     ('ENGG1100', 2022, 1, 'Final'),
     ('ENGG1100', 2021, 1, 'Final'),
     ('ENGG1100', 2020, 1, 'Final'),
     ('COMP2048', 2023, 2, 'Final'),
     ('COMP2048', 2022, 2, 'Final'),
     ('COMP2048', 2021, 2, 'Final'),
     ('COMP2048', 2020, 2, 'Final'),
     ('COMP4403', 2023, 1, 'Final'),
     ('COMP4403', 2022, 1, 'Final'),
     ('COMP4403', 2021, 1, 'Final'),
     ('COMP4403', 2020, 1, 'Final');

INSERT INTO question ("examId", "questionText", "questionPNG", "questionType", "createdAt", "updatedAt") VALUES
    (1, 'Explain the concept of object-oriented programming and its benefits.', '', 'Short Answer', CURRENT_DATE, CURRENT_DATE),
    (1, 'Write a Python function that calculates the factorial of a number.', '', 'Long Response', CURRENT_DATE, CURRENT_DATE),
    (1, 'Given the following code snippet, identify and fix the error: def foo(x): return x + 1 x', '', 'Short Answer', CURRENT_DATE, CURRENT_DATE),
    (2, 'Describe the software development life cycle.', '', 'Short Answer', CURRENT_DATE, CURRENT_DATE),
    (2, 'Implement a class in Python that represents a bank account with deposit and withdrawal methods.', '', 'Long Response', CURRENT_DATE, CURRENT_DATE),
    (3, 'Explain the difference between a list and a tuple in Python.', '', 'Short Answer', CURRENT_DATE, CURRENT_DATE),
    (3, 'Write a program that reads a file and counts the number of words.', '', 'Long Response', CURRENT_DATE, CURRENT_DATE),
    (4, 'What is inheritance in object-oriented programming? Provide an example.', '', 'Short Answer', CURRENT_DATE, CURRENT_DATE),
    (4, 'Create a Python script that performs bubble sort on a list of numbers.', '', 'Long Response', CURRENT_DATE, CURRENT_DATE),
    (5, 'Explain the importance of unit testing in software development.', '', 'Short Answer', CURRENT_DATE, CURRENT_DATE),
    (5, 'Write a unit test in Python for a function that checks if a number is prime.', '', 'Long Response', CURRENT_DATE, CURRENT_DATE),
    (6, 'Define polymorphism in object-oriented programming with an example.', '', 'Short Answer', CURRENT_DATE, CURRENT_DATE),
    (6, 'Write a Python program that implements a simple calculator using classes.', '', 'Long Response', CURRENT_DATE, CURRENT_DATE),
    (7, 'What are design patterns and why are they useful?', '', 'Short Answer', CURRENT_DATE, CURRENT_DATE),
    (7, 'Implement the Singleton design pattern in Python.', '', 'Long Response', CURRENT_DATE, CURRENT_DATE),
    (8, 'Explain the concept of encapsulation with an example.', '', 'Short Answer', CURRENT_DATE, CURRENT_DATE),
    (8, 'Write a Python class that represents a rectangle and includes methods for calculating area and perimeter.', '', 'Long Response', CURRENT_DATE, CURRENT_DATE),
    (8, 'What is the output of the following Python code snippet? Select the correct answer from the options.', '', 'Multiple Choice', CURRENT_DATE, CURRENT_DATE),
    (9, 'Explain the concept of exception handling in Java with an example.', '', 'Short Answer', CURRENT_DATE, CURRENT_DATE),
    (9, 'Write a Java program that reads a file and handles any potential IO exceptions.', '', 'Long Response', CURRENT_DATE, CURRENT_DATE),
    (9, 'What is the purpose of generics in Java? Provide a code example.', '', 'Short Answer', CURRENT_DATE, CURRENT_DATE),
    (10, 'Describe the Model-View-Controller (MVC) architecture and its benefits.', '', 'Short Answer', CURRENT_DATE, CURRENT_DATE),
    (10, 'Implement a simple GUI in Java using Swing that includes a button and a text field.', '', 'Long Response', CURRENT_DATE, CURRENT_DATE),
    (11, 'Explain the importance of software testing in large projects.', '', 'Short Answer', CURRENT_DATE, CURRENT_DATE),
    (11, 'Write JUnit tests for a Java method that calculates the sum of an array of integers.', '', 'Long Response', CURRENT_DATE, CURRENT_DATE),
    (12, 'What is polymorphism in Java and how is it implemented?', '', 'Short Answer', CURRENT_DATE, CURRENT_DATE),
    (12, 'Write a Java program that demonstrates polymorphism with an example of method overriding.', '', 'Long Response', CURRENT_DATE, CURRENT_DATE),
    (12, 'What will be the output of the following Java code snippet? Select the correct answer from the options.', '', 'Multiple Choice', CURRENT_DATE, CURRENT_DATE),
    (13, 'Explain the concept of memory management in operating systems.', '', 'Short Answer', CURRENT_DATE, CURRENT_DATE),
    (13, 'Write a C program that demonstrates dynamic memory allocation using malloc and free.', '', 'Long Response', CURRENT_DATE, CURRENT_DATE),
    (13, 'What is the role of a file system in an operating system? Provide an example.', '', 'Short Answer', CURRENT_DATE, CURRENT_DATE),
    (14, 'Describe the process lifecycle in an operating system.', '', 'Short Answer', CURRENT_DATE, CURRENT_DATE),
    (14, 'Implement a simple interprocess communication (IPC) mechanism in C using pipes.', '', 'Long Response', CURRENT_DATE, CURRENT_DATE),
    (15, 'Explain the concept of threading in operating systems.', '', 'Short Answer', CURRENT_DATE, CURRENT_DATE),
    (15, 'Write a C program that creates multiple threads and demonstrates synchronization using mutexes.', '', 'Long Response', CURRENT_DATE, CURRENT_DATE),
    (16, 'What are the main differences between TCP and UDP protocols?', '', 'Short Answer', CURRENT_DATE, CURRENT_DATE),
    (16, 'Write a C program that demonstrates basic socket programming for a TCP client-server model.', '', 'Long Response', CURRENT_DATE, CURRENT_DATE),
    (16, 'What will be the output of the following C code snippet? Select the correct answer from the options.', '', 'Multiple Choice', CURRENT_DATE, CURRENT_DATE),
    (17, 'Explain the process of interfacing an analog sensor with a microcontroller.', '', 'Short Answer', CURRENT_DATE, CURRENT_DATE),
    (17, 'Describe the architecture of a microcontroller used in embedded systems.', '', 'Short Answer', CURRENT_DATE, CURRENT_DATE),
    (17, 'Compare and contrast different modulation schemes used in digital communication.', '', 'Long Response', CURRENT_DATE, CURRENT_DATE),
    (17, 'What are the methods for data compression in embedded systems?', '', 'Short Answer', CURRENT_DATE, CURRENT_DATE),
    (18, 'Describe the advantages of using an Embedded RTOS in microcontroller systems.', '', 'Long Response', CURRENT_DATE, CURRENT_DATE),
    (18, 'Discuss the challenges of real-time task scheduling in Embedded RTOS.', '', 'Short Answer', CURRENT_DATE, CURRENT_DATE),
    (18, 'Explain the concept of inter-process communication in embedded systems.', '', 'Short Answer', CURRENT_DATE, CURRENT_DATE),
    (18, 'Describe how analog-digital conversion is implemented in embedded systems.', '', 'Long Response', CURRENT_DATE, CURRENT_DATE),
    (19, 'What are the key considerations in designing a real-time embedded system?', '', 'Short Answer', CURRENT_DATE, CURRENT_DATE),
    (19, 'Explain the process of peripheral interfacing in embedded systems.', '', 'Long Response', CURRENT_DATE, CURRENT_DATE),
    (19, 'Discuss the role of error correction in digital communication signals.', '', 'Short Answer', CURRENT_DATE, CURRENT_DATE),
    (19, 'Describe the formats for audio, image, and video coding in embedded systems.', '', 'Long Response', CURRENT_DATE, CURRENT_DATE),
    (20, 'Discuss the methods of error correction in digital communication signals.', '', 'Long Response', CURRENT_DATE, CURRENT_DATE),
    (20, 'Explain the importance of data compression in embedded systems.', '', 'Short Answer', CURRENT_DATE, CURRENT_DATE),
    (20, 'Compare different types of sensors used in embedded systems.', '', 'Short Answer', CURRENT_DATE, CURRENT_DATE),
    (20, 'Describe the role of actuators in embedded systems.', '', 'Long Response', CURRENT_DATE, CURRENT_DATE),
    (25, 'Explain the importance of requirements engineering in the software lifecycle.', '', 'Short Answer', CURRENT_DATE, CURRENT_DATE),
     (25, 'Discuss the role of object-oriented analysis in software development.', '', 'Short Answer', CURRENT_DATE, CURRENT_DATE),
     (25, 'Describe the key components of a software requirements specification document.', '', 'Long Response', CURRENT_DATE, CURRENT_DATE),
     (25, 'What are the methods for software verification and validation?', '', 'Short Answer', CURRENT_DATE, CURRENT_DATE),
     (26, 'What is software prototyping and why is it important?', '', 'Long Response', CURRENT_DATE, CURRENT_DATE),
     (26, 'Explain the process of configuration management in software development.', '', 'Short Answer', CURRENT_DATE, CURRENT_DATE),
     (26, 'Discuss the different types of software maintenance.', '', 'Long Response', CURRENT_DATE, CURRENT_DATE),
     (26, 'What are the process standards used in software engineering?', '', 'Short Answer', CURRENT_DATE, CURRENT_DATE),
     (27, 'Discuss the role of configuration management in maintaining software quality.', '', 'Short Answer', CURRENT_DATE, CURRENT_DATE),
     (27, 'Explain the importance of process improvement in software engineering.', '', 'Long Response', CURRENT_DATE, CURRENT_DATE),
     (27, 'Describe the tools used in software engineering.', '', 'Short Answer', CURRENT_DATE, CURRENT_DATE),
     (27, 'What are the methods for measuring software quality?', '', 'Long Response', CURRENT_DATE, CURRENT_DATE),
     (28, 'Explain the different types of software maintenance.', '', 'Long Response', CURRENT_DATE, CURRENT_DATE),
     (28, 'Discuss the role of software engineering tools in the development process.', '', 'Short Answer', CURRENT_DATE, CURRENT_DATE),
     (28, 'Describe the key principles of software process management.', '', 'Long Response', CURRENT_DATE, CURRENT_DATE),
     (28, 'What is the impact of process standards on software development?', '', 'Short Answer', CURRENT_DATE, CURRENT_DATE),
     (29, 'Describe the main phases of the software development lifecycle.', '', 'Short Answer', CURRENT_DATE, CURRENT_DATE),
     (29, 'What are the key challenges in managing a large-scale software project?', '', 'Long Response', CURRENT_DATE, CURRENT_DATE),
     (29, 'Explain the importance of verification and validation in software development.', '', 'Short Answer', CURRENT_DATE, CURRENT_DATE),
     (29, 'Discuss the role of documentation in software project management.', '', 'Long Response', CURRENT_DATE, CURRENT_DATE),
     (30, 'What are the key challenges in managing a large-scale software project?', '', 'Long Response', CURRENT_DATE, CURRENT_DATE),
     (30, 'Describe the techniques used for software design in complex projects.', '', 'Short Answer', CURRENT_DATE, CURRENT_DATE),
     (30, 'Explain the importance of team work processes in software engineering.', '', 'Short Answer', CURRENT_DATE, CURRENT_DATE),
     (30, 'Discuss the tools used for managing complex software projects.', '', 'Long Response', CURRENT_DATE, CURRENT_DATE),
     (31, 'Explain the importance of verification and validation in software development.', '', 'Short Answer', CURRENT_DATE, CURRENT_DATE),
     (31, 'Describe the methods used for software verification and validation.', '', 'Long Response', CURRENT_DATE, CURRENT_DATE),
     (31, 'What are the key aspects of configuration management?', '', 'Short Answer', CURRENT_DATE, CURRENT_DATE),
     (31, 'Discuss the importance of documentation in software engineering.', '', 'Long Response', CURRENT_DATE, CURRENT_DATE),
     (32, 'Discuss the role of documentation in software project management.', '', 'Long Response', CURRENT_DATE, CURRENT_DATE),
     (32, 'Explain the techniques used for software design in complex projects.', '', 'Short Answer', CURRENT_DATE, CURRENT_DATE),
     (32, 'Describe the processes involved in managing a software project.', '', 'Short Answer', CURRENT_DATE, CURRENT_DATE),
     (32, 'What are the tools used for software configuration management?', '', 'Long Response', CURRENT_DATE, CURRENT_DATE),
     (33, 'What is the role of VHDL in digital system design?', '', 'Short Answer', CURRENT_DATE, CURRENT_DATE),
     (33, 'Explain the process of simulation and synthesis in VHDL.', '', 'Long Response', CURRENT_DATE, CURRENT_DATE),
     (33, 'Describe the steps involved in designing a complex controller with Finite State Machines.', '', 'Short Answer', CURRENT_DATE, CURRENT_DATE),
     (33, 'Discuss the importance of design for testability in digital systems.', '', 'Long Response', CURRENT_DATE, CURRENT_DATE),
     (34, 'Describe the process of designing a complex controller with Finite State Machines.', '', 'Long Response', CURRENT_DATE, CURRENT_DATE),
     (34, 'Explain the Controller-Datapath methodology in digital system design.', '', 'Short Answer', CURRENT_DATE, CURRENT_DATE),
     (34, 'What are the electrical and timing issues in logic and system design?', '', 'Short Answer', CURRENT_DATE, CURRENT_DATE),
     (34, 'Discuss the advances in FPGA technologies.', '', 'Long Response', CURRENT_DATE, CURRENT_DATE),
     (35, 'Explain the importance of design for testability in digital systems.', '', 'Short Answer', CURRENT_DATE, CURRENT_DATE),
     (35, 'Describe the methods used to ensure testability in digital systems.', '', 'Long Response', CURRENT_DATE, CURRENT_DATE),
     (35, 'What are the key considerations in electrical design of digital systems?', '', 'Short Answer', CURRENT_DATE, CURRENT_DATE),
     (35, 'Discuss the role of VHDL in modern digital system design.', '', 'Long Response', CURRENT_DATE, CURRENT_DATE),
     (36, 'Discuss the advances in FPGA technologies.', '', 'Long Response', CURRENT_DATE, CURRENT_DATE),
     (36, 'Explain the process of simulation and synthesis in VHDL.', '', 'Short Answer', CURRENT_DATE, CURRENT_DATE),
     (36, 'Describe the steps involved in designing a complex controller with Finite State Machines.', '', 'Short Answer', CURRENT_DATE, CURRENT_DATE),
     (36, 'What are the electrical and timing issues in logic and system design?', '', 'Long Response', CURRENT_DATE, CURRENT_DATE),
     (37, 'What are the main components of a wireless sensor network?', '', 'Short Answer', CURRENT_DATE, CURRENT_DATE),
     (37, 'Describe the architecture of an advanced embedded system.', '', 'Short Answer', CURRENT_DATE, CURRENT_DATE),
     (37, 'What are the challenges in designing wireless networks for embedded systems?', '', 'Long Response', CURRENT_DATE, CURRENT_DATE),
     (37, 'Explain the importance of energy efficiency in wireless sensor networks.', '', 'Short Answer', CURRENT_DATE, CURRENT_DATE),
     (38, 'Describe the challenges in designing wireless networks for embedded systems.', '', 'Long Response', CURRENT_DATE, CURRENT_DATE),
     (38, 'What are the key considerations in the deployment of wireless sensor networks?', '', 'Short Answer', CURRENT_DATE, CURRENT_DATE),
     (38, 'Explain the role of middleware in advanced embedded systems.', '', 'Short Answer', CURRENT_DATE, CURRENT_DATE),
     (38, 'Discuss the various communication protocols used in wireless sensor networks.', '', 'Long Response', CURRENT_DATE, CURRENT_DATE),
     (39, 'What are the main components of a wireless sensor network?', '', 'Short Answer', CURRENT_DATE, CURRENT_DATE),
     (39, 'Describe the architecture of an advanced embedded system.', '', 'Short Answer', CURRENT_DATE, CURRENT_DATE),
     (39, 'What are the challenges in designing wireless networks for embedded systems?', '', 'Long Response', CURRENT_DATE, CURRENT_DATE),
     (39, 'Explain the importance of energy efficiency in wireless sensor networks.', '', 'Short Answer', CURRENT_DATE, CURRENT_DATE),
     (40, 'Discuss the various communication protocols used in wireless sensor networks.', '', 'Long Response', CURRENT_DATE, CURRENT_DATE),
     (40, 'Explain the role of middleware in advanced embedded systems.', '', 'Short Answer', CURRENT_DATE, CURRENT_DATE),
     (40, 'Describe the challenges in designing wireless networks for embedded systems.', '', 'Short Answer', CURRENT_DATE, CURRENT_DATE),
     (40, 'What are the key considerations in the deployment of wireless sensor networks?', '', 'Long Response', CURRENT_DATE, CURRENT_DATE),
     (41, 'What are the key principles of software architecture?', '', 'Short Answer', CURRENT_DATE, CURRENT_DATE),
     (41, 'Explain the process of designing a large-scale software system.', '', 'Long Response', CURRENT_DATE, CURRENT_DATE),
     (41, 'Discuss the role of middleware in software architecture.', '', 'Short Answer', CURRENT_DATE, CURRENT_DATE),
     (41, 'What are the challenges in designing systems with heterogeneous computing devices?', '', 'Long Response', CURRENT_DATE, CURRENT_DATE),
     (42, 'Describe the techniques used for assessing software risks.', '', 'Long Response', CURRENT_DATE, CURRENT_DATE),
     (42, 'Explain the importance of scalability in software architecture.', '', 'Short Answer', CURRENT_DATE, CURRENT_DATE),
     (42, 'Discuss the methods used to ensure system resilience.', '', 'Short Answer', CURRENT_DATE, CURRENT_DATE),
     (42, 'What are the key considerations in designing cyber-physical systems?', '', 'Long Response', CURRENT_DATE, CURRENT_DATE),
     (43, 'Explain the process of designing a large-scale software system.', '', 'Short Answer', CURRENT_DATE, CURRENT_DATE),
     (43, 'What are the challenges in designing systems with heterogeneous computing devices?', '', 'Short Answer', CURRENT_DATE, CURRENT_DATE),
     (43, 'Describe the techniques used for assessing software risks.', '', 'Short Answer', CURRENT_DATE, CURRENT_DATE),
     (43, 'Discuss the role of middleware in software architecture.', '', 'Long Response', CURRENT_DATE, CURRENT_DATE),
     (44, 'Explain the importance of scalability in software architecture.', '', 'Short Answer', CURRENT_DATE, CURRENT_DATE),
     (44, 'Discuss the methods used to ensure system resilience.', '', 'Long Response', CURRENT_DATE, CURRENT_DATE),
     (44, 'What are the key considerations in designing cyber-physical systems?', '', 'Short Answer', CURRENT_DATE, CURRENT_DATE),
     (44, 'Describe the techniques used for assessing software risks.', '', 'Long Response', CURRENT_DATE, CURRENT_DATE),
     (49, 'Explain the process of building abstractions with procedures in programming.', '', 'Long Response', CURRENT_DATE, CURRENT_DATE),
     (50, 'Discuss the importance of estimation in engineering design.', '', 'Short Answer', CURRENT_DATE, CURRENT_DATE),
     (50, 'Describe the key considerations in project management for engineering.', '', 'Short Answer', CURRENT_DATE, CURRENT_DATE),
     (50, 'What are the ethical issues involved in engineering projects?', '', 'Long Response', CURRENT_DATE, CURRENT_DATE),
     (51, 'Explain the role of information literacy in engineering projects.', '', 'Short Answer', CURRENT_DATE, CURRENT_DATE),
     (51, 'Describe the process of decision making in engineering design.', '', 'Short Answer', CURRENT_DATE, CURRENT_DATE),
     (51, 'What are the key techniques for effective communication in engineering?', '', 'Long Response', CURRENT_DATE, CURRENT_DATE),
     (51, 'Discuss the importance of prototyping in engineering design.', '', 'Short Answer', CURRENT_DATE, CURRENT_DATE),
     (52, 'Describe the key considerations in project management for engineering.', '', 'Short Answer', CURRENT_DATE, CURRENT_DATE),
     (52, 'What are the ethical issues involved in engineering projects?', '', 'Short Answer', CURRENT_DATE, CURRENT_DATE),
     (52, 'Explain the process of engineering design in a team project.', '', 'Long Response', CURRENT_DATE, CURRENT_DATE),
     (52, 'Discuss the importance of sustainability in engineering projects.', '', 'Long Response', CURRENT_DATE, CURRENT_DATE),
     (45, 'Explain the concept of building abstractions with data.', '', 'Short Answer', CURRENT_DATE, CURRENT_DATE),
     (45, 'Discuss the importance of debugging programs in software development.', '', 'Long Response', CURRENT_DATE, CURRENT_DATE),
     (45, 'Describe how programming techniques can be applied to the analysis of real world data.', '', 'Short Answer', CURRENT_DATE, CURRENT_DATE),
     (45, 'What are the key challenges in designing programs of increasing complexity?', '', 'Long Response', CURRENT_DATE, CURRENT_DATE),
     (46, 'Explain the process of using an exploratory problem-based approach in programming.', '', 'Short Answer', CURRENT_DATE, CURRENT_DATE),
     (46, 'Discuss the role of data modeling in software development.', '', 'Long Response', CURRENT_DATE, CURRENT_DATE),
     (46, 'Describe the methods used for coding and debugging programs.', '', 'Short Answer', CURRENT_DATE, CURRENT_DATE),
     (46, 'What are the benefits of applying programming techniques to real world problems?', '', 'Long Response', CURRENT_DATE, CURRENT_DATE),
     (47, 'Explain the significance of building abstractions with procedures in programming.', '', 'Short Answer', CURRENT_DATE, CURRENT_DATE),
     (47, 'Discuss the process of designing programs of increasing complexity.', '', 'Long Response', CURRENT_DATE, CURRENT_DATE),
     (47, 'Describe the techniques used for data modeling in software development.', '', 'Short Answer', CURRENT_DATE, CURRENT_DATE),
     (47, 'What are the key principles of debugging programs?', '', 'Long Response', CURRENT_DATE, CURRENT_DATE),
     (48, 'Explain the importance of data modeling in analyzing real world data.', '', 'Short Answer', CURRENT_DATE, CURRENT_DATE),
     (48, 'Discuss the challenges faced in coding complex programs.', '', 'Long Response', CURRENT_DATE, CURRENT_DATE),
     (48, 'Describe the steps involved in debugging software applications.', '', 'Short Answer', CURRENT_DATE, CURRENT_DATE),
     (48, 'What are the applications of programming techniques in real world data analysis?', '', 'Long Response', CURRENT_DATE, CURRENT_DATE),
     (49, 'What are the key components of a discipline-specific team project in engineering?', '', 'Short Answer', CURRENT_DATE, CURRENT_DATE),
     (49, 'Explain the process of engineering design in a team project.', '', 'Long Response', CURRENT_DATE, CURRENT_DATE),
     (49, 'Discuss the importance of sustainability in engineering projects.', '', 'Short Answer', CURRENT_DATE, CURRENT_DATE),
     (49, 'Describe the role of safety in engineering design.', '', 'Short Answer', CURRENT_DATE, CURRENT_DATE),
     (50, 'Explain the process of materials selection in engineering projects.', '', 'Long Response', CURRENT_DATE, CURRENT_DATE),
     (50, 'Discuss the importance of estimation in engineering design.', '', 'Short Answer', CURRENT_DATE, CURRENT_DATE),
     (50, 'Describe the key considerations in project management for engineering.', '', 'Short Answer', CURRENT_DATE, CURRENT_DATE),
     (50, 'What are the ethical issues involved in engineering projects?', '', 'Long Response', CURRENT_DATE, CURRENT_DATE),
     (51, 'Explain the role of information literacy in engineering projects.', '', 'Short Answer', CURRENT_DATE, CURRENT_DATE),
     (51, 'Describe the process of decision making in engineering design.', '', 'Short Answer', CURRENT_DATE, CURRENT_DATE),
     (51, 'What are the key techniques for effective communication in engineering?', '', 'Long Response', CURRENT_DATE, CURRENT_DATE),
     (51, 'Discuss the importance of prototyping in engineering design.', '', 'Short Answer', CURRENT_DATE, CURRENT_DATE),
     (52, 'Describe the key considerations in project management for engineering.', '', 'Short Answer', CURRENT_DATE, CURRENT_DATE),
     (52, 'What are the ethical issues involved in engineering projects?', '', 'Short Answer', CURRENT_DATE, CURRENT_DATE),
     (52, 'Explain the process of engineering design in a team project.', '', 'Long Response', CURRENT_DATE, CURRENT_DATE),
     (52, 'Discuss the importance of sustainability in engineering projects.', '', 'Long Response', CURRENT_DATE, CURRENT_DATE),
      (53, 'Explain the concept of a Turing machine.', '', 'Short Answer', CURRENT_DATE, CURRENT_DATE),
     (53, 'Discuss the significance of the Church-Turing thesis.', '', 'Long Response', CURRENT_DATE, CURRENT_DATE),
     (53, 'Describe the role of finite state machines in constructing regular languages.', '', 'Short Answer', CURRENT_DATE, CURRENT_DATE),
     (53, 'What are the applications of quantum computation?', '', 'Long Response', CURRENT_DATE, CURRENT_DATE),
     (54, 'Explain the concept of recursive functions in computation.', '', 'Short Answer', CURRENT_DATE, CURRENT_DATE),
     (54, 'Discuss the Lambda calculus and its importance in computation.', '', 'Long Response', CURRENT_DATE, CURRENT_DATE),
     (54, 'Describe the role of cellular automata in the theory of computation.', '', 'Short Answer', CURRENT_DATE, CURRENT_DATE),
     (54, 'What are the mathematical preliminaries necessary for understanding computation?', '', 'Long Response', CURRENT_DATE, CURRENT_DATE),
     (55, 'Explain the significance of the Church-Turing thesis.', '', 'Short Answer', CURRENT_DATE, CURRENT_DATE),
     (55, 'Discuss the applications of quantum computation.', '', 'Short Answer', CURRENT_DATE, CURRENT_DATE),
     (55, 'What is the importance of decidability in computational theory?', '', 'Short Answer', CURRENT_DATE, CURRENT_DATE),
     (55, 'Describe the concept of computational complexity.', '', 'Long Response', CURRENT_DATE, CURRENT_DATE),
     (56, 'What are the key principles of the theory of computation?', '', 'Short Answer', CURRENT_DATE, CURRENT_DATE),
     (56, 'Explain the process of designing algorithms for computational problems.', '', 'Long Response', CURRENT_DATE, CURRENT_DATE),
     (56, 'Discuss the significance of P vs NP problem in computer science.', '', 'Short Answer', CURRENT_DATE, CURRENT_DATE),
     (56, 'What are the applications of automata theory in modern computing?', '', 'Long Response', CURRENT_DATE, CURRENT_DATE);


INSERT INTO comment ("questionId", "userId", "parentCommentId", "commentText", "commentPNG", "upvotes", "downvotes") VALUES
    (1, 'auth0|664bd5d384b75fb6c997050f', NULL, 'An example answer to the question', '', 40, 322),
(1, 'auth0|664bd4e728f06973e1ad995b', NULL, 'An example answer to the question', '', 439, 638),
(1, 'auth0|664bd5133607699d90546f1f', NULL, 'An example answer to the question', '', 269, 218),
(1, 'auth0|664bd549cd7249b0adc687da', NULL, 'An example answer to the question', '', 377, 558),
(1, 'auth0|664bd549cd7249b0adc687da', 3, 'An example reply to a comment', '', 343, 815),
(1, 'auth0|664bd56128f06973e1ad9992', NULL, 'An example answer to the question', '', 307, 259),
(1, 'auth0|664bd57c63b005fba106f53c', NULL, 'An example answer to the question', '', 157, 817),
(1, 'auth0|664bd59b84b75fb6c99704f1', NULL, 'An example answer to the question', '', 263, 627),
(1, 'auth0|664bd5b4cd7249b0adc68813', NULL, 'An example answer to the question', '', 336, 38),
(1, 'auth0|664bd5f163b005fba106f584', NULL, 'An example answer to the question', '', 894, 775),
(1, 'auth0|664bd6110f4ade208667e532', NULL, 'An example answer to the question', '', 74, 743),
(1, 'auth0|664bd6110f4ade208667e532', 10, 'An example reply to a comment', '', 844, 613),
(2, 'auth0|664bd5d384b75fb6c997050f', NULL, 'An example answer to the question', '', 28, 821),
(2, 'auth0|664bd5d384b75fb6c997050f', 12, 'An example reply to a comment', '', 783, 542),
(2, 'auth0|664bd4e728f06973e1ad995b', NULL, 'An example answer to the question', '', 183, 924),
(2, 'auth0|664bd5133607699d90546f1f', NULL, 'An example answer to the question', '', 417, 348),
(2, 'auth0|664bd549cd7249b0adc687da', NULL, 'An example answer to the question', '', 581, 780),
(2, 'auth0|664bd549cd7249b0adc687da', 16, 'An example reply to a comment', '', 856, 473),
(2, 'auth0|664bd56128f06973e1ad9992', NULL, 'An example answer to the question', '', 404, 204),
(2, 'auth0|664bd57c63b005fba106f53c', NULL, 'An example answer to the question', '', 388, 634),
(2, 'auth0|664bd57c63b005fba106f53c', 19, 'An example reply to a comment', '', 360, 79),
(2, 'auth0|664bd59b84b75fb6c99704f1', NULL, 'An example answer to the question', '', 258, 296),
(2, 'auth0|664bd5b4cd7249b0adc68813', NULL, 'An example answer to the question', '', 2, 83),
(2, 'auth0|664bd5f163b005fba106f584', NULL, 'An example answer to the question', '', 512, 982),
(2, 'auth0|664bd6110f4ade208667e532', NULL, 'An example answer to the question', '', 454, 587),
(3, 'auth0|664bd5d384b75fb6c997050f', NULL, 'An example answer to the question', '', 930, 684),
(3, 'auth0|664bd4e728f06973e1ad995b', NULL, 'An example answer to the question', '', 424, 321),
(3, 'auth0|664bd5133607699d90546f1f', NULL, 'An example answer to the question', '', 217, 520),
(3, 'auth0|664bd5133607699d90546f1f', 27, 'An example reply to a comment', '', 725, 844),
(3, 'auth0|664bd549cd7249b0adc687da', NULL, 'An example answer to the question', '', 793, 346),
(3, 'auth0|664bd56128f06973e1ad9992', NULL, 'An example answer to the question', '', 545, 177),
(3, 'auth0|664bd56128f06973e1ad9992', 30, 'An example reply to a comment', '', 307, 285),
(3, 'auth0|664bd57c63b005fba106f53c', NULL, 'An example answer to the question', '', 469, 918),
(3, 'auth0|664bd59b84b75fb6c99704f1', NULL, 'An example answer to the question', '', 375, 380),
(3, 'auth0|664bd59b84b75fb6c99704f1', 33, 'An example reply to a comment', '', 843, 15),
(3, 'auth0|664bd5b4cd7249b0adc68813', NULL, 'An example answer to the question', '', 793, 529),
(3, 'auth0|664bd5f163b005fba106f584', NULL, 'An example answer to the question', '', 776, 354),
(3, 'auth0|664bd5f163b005fba106f584', 36, 'An example reply to a comment', '', 87, 906),
(3, 'auth0|664bd6110f4ade208667e532', NULL, 'An example answer to the question', '', 867, 264),
(4, 'auth0|664bd5d384b75fb6c997050f', NULL, 'An example answer to the question', '', 453, 674),
(4, 'auth0|664bd4e728f06973e1ad995b', NULL, 'An example answer to the question', '', 293, 155),
(4, 'auth0|664bd5133607699d90546f1f', NULL, 'An example answer to the question', '', 69, 128),
(4, 'auth0|664bd5133607699d90546f1f', 41, 'An example reply to a comment', '', 536, 312),
(4, 'auth0|664bd549cd7249b0adc687da', NULL, 'An example answer to the question', '', 507, 321),
(4, 'auth0|664bd56128f06973e1ad9992', NULL, 'An example answer to the question', '', 688, 591),
(4, 'auth0|664bd57c63b005fba106f53c', NULL, 'An example answer to the question', '', 661, 483),
(4, 'auth0|664bd59b84b75fb6c99704f1', NULL, 'An example answer to the question', '', 862, 342),
(4, 'auth0|664bd5b4cd7249b0adc68813', NULL, 'An example answer to the question', '', 28, 54),
(4, 'auth0|664bd5f163b005fba106f584', NULL, 'An example answer to the question', '', 179, 836),
(4, 'auth0|664bd6110f4ade208667e532', NULL, 'An example answer to the question', '', 563, 40),
(5, 'auth0|664bd5d384b75fb6c997050f', NULL, 'An example answer to the question', '', 52, 46),
(5, 'auth0|664bd4e728f06973e1ad995b', NULL, 'An example answer to the question', '', 716, 344),
(5, 'auth0|664bd4e728f06973e1ad995b', 51, 'An example reply to a comment', '', 985, 164),
(5, 'auth0|664bd5133607699d90546f1f', NULL, 'An example answer to the question', '', 390, 966),
(5, 'auth0|664bd549cd7249b0adc687da', NULL, 'An example answer to the question', '', 547, 39),
(5, 'auth0|664bd56128f06973e1ad9992', NULL, 'An example answer to the question', '', 839, 535),
(5, 'auth0|664bd56128f06973e1ad9992', 55, 'An example reply to a comment', '', 360, 343),
(5, 'auth0|664bd57c63b005fba106f53c', NULL, 'An example answer to the question', '', 195, 776),
(5, 'auth0|664bd59b84b75fb6c99704f1', NULL, 'An example answer to the question', '', 206, 315),
(5, 'auth0|664bd5b4cd7249b0adc68813', NULL, 'An example answer to the question', '', 863, 743),
(5, 'auth0|664bd5f163b005fba106f584', NULL, 'An example answer to the question', '', 480, 662),
(5, 'auth0|664bd5f163b005fba106f584', 60, 'An example reply to a comment', '', 836, 380),
(5, 'auth0|664bd6110f4ade208667e532', NULL, 'An example answer to the question', '', 901, 696),
(6, 'auth0|664bd5d384b75fb6c997050f', NULL, 'An example answer to the question', '', 742, 484),
(6, 'auth0|664bd4e728f06973e1ad995b', NULL, 'An example answer to the question', '', 422, 228),
(6, 'auth0|664bd4e728f06973e1ad995b', 64, 'An example reply to a comment', '', 643, 816),
(6, 'auth0|664bd5133607699d90546f1f', NULL, 'An example answer to the question', '', 945, 525),
(6, 'auth0|664bd5133607699d90546f1f', 66, 'An example reply to a comment', '', 436, 133),
(6, 'auth0|664bd549cd7249b0adc687da', NULL, 'An example answer to the question', '', 85, 22),
(6, 'auth0|664bd56128f06973e1ad9992', NULL, 'An example answer to the question', '', 494, 891),
(6, 'auth0|664bd56128f06973e1ad9992', 69, 'An example reply to a comment', '', 481, 628),
(6, 'auth0|664bd57c63b005fba106f53c', NULL, 'An example answer to the question', '', 798, 652),
(6, 'auth0|664bd57c63b005fba106f53c', 71, 'An example reply to a comment', '', 866, 102),
(6, 'auth0|664bd59b84b75fb6c99704f1', NULL, 'An example answer to the question', '', 44, 327),
(6, 'auth0|664bd59b84b75fb6c99704f1', 73, 'An example reply to a comment', '', 281, 291),
(6, 'auth0|664bd5b4cd7249b0adc68813', NULL, 'An example answer to the question', '', 698, 309),
(6, 'auth0|664bd5f163b005fba106f584', NULL, 'An example answer to the question', '', 0, 612),
(6, 'auth0|664bd5f163b005fba106f584', 76, 'An example reply to a comment', '', 804, 990),
(6, 'auth0|664bd6110f4ade208667e532', NULL, 'An example answer to the question', '', 484, 695),
(6, 'auth0|664bd6110f4ade208667e532', 78, 'An example reply to a comment', '', 82, 231),
(7, 'auth0|664bd5d384b75fb6c997050f', NULL, 'An example answer to the question', '', 528, 217),
(7, 'auth0|664bd4e728f06973e1ad995b', NULL, 'An example answer to the question', '', 859, 971),
(7, 'auth0|664bd4e728f06973e1ad995b', 81, 'An example reply to a comment', '', 247, 656),
(7, 'auth0|664bd5133607699d90546f1f', NULL, 'An example answer to the question', '', 390, 890),
(7, 'auth0|664bd549cd7249b0adc687da', NULL, 'An example answer to the question', '', 33, 725),
(7, 'auth0|664bd56128f06973e1ad9992', NULL, 'An example answer to the question', '', 656, 738),
(7, 'auth0|664bd56128f06973e1ad9992', 85, 'An example reply to a comment', '', 571, 563),
(7, 'auth0|664bd57c63b005fba106f53c', NULL, 'An example answer to the question', '', 593, 376),
(7, 'auth0|664bd57c63b005fba106f53c', 87, 'An example reply to a comment', '', 856, 630),
(7, 'auth0|664bd59b84b75fb6c99704f1', NULL, 'An example answer to the question', '', 6, 217),
(7, 'auth0|664bd5b4cd7249b0adc68813', NULL, 'An example answer to the question', '', 388, 38),
(7, 'auth0|664bd5b4cd7249b0adc68813', 90, 'An example reply to a comment', '', 989, 617),
(7, 'auth0|664bd5f163b005fba106f584', NULL, 'An example answer to the question', '', 240, 793),
(7, 'auth0|664bd6110f4ade208667e532', NULL, 'An example answer to the question', '', 514, 305),
(8, 'auth0|664bd5d384b75fb6c997050f', NULL, 'An example answer to the question', '', 227, 719),
(8, 'auth0|664bd4e728f06973e1ad995b', NULL, 'An example answer to the question', '', 137, 658),
(8, 'auth0|664bd4e728f06973e1ad995b', 95, 'An example reply to a comment', '', 657, 642),
(8, 'auth0|664bd5133607699d90546f1f', NULL, 'An example answer to the question', '', 909, 827),
(8, 'auth0|664bd5133607699d90546f1f', 97, 'An example reply to a comment', '', 525, 350),
(8, 'auth0|664bd549cd7249b0adc687da', NULL, 'An example answer to the question', '', 766, 611),
(8, 'auth0|664bd56128f06973e1ad9992', NULL, 'An example answer to the question', '', 409, 222),
(8, 'auth0|664bd57c63b005fba106f53c', NULL, 'An example answer to the question', '', 318, 305),
(8, 'auth0|664bd57c63b005fba106f53c', 101, 'An example reply to a comment', '', 794, 608),
(8, 'auth0|664bd59b84b75fb6c99704f1', NULL, 'An example answer to the question', '', 567, 358),
(8, 'auth0|664bd5b4cd7249b0adc68813', NULL, 'An example answer to the question', '', 588, 658),
(8, 'auth0|664bd5b4cd7249b0adc68813', 104, 'An example reply to a comment', '', 194, 668),
(8, 'auth0|664bd5f163b005fba106f584', NULL, 'An example answer to the question', '', 251, 20),
(8, 'auth0|664bd6110f4ade208667e532', NULL, 'An example answer to the question', '', 554, 635),
(9, 'auth0|664bd5d384b75fb6c997050f', NULL, 'An example answer to the question', '', 207, 101),
(9, 'auth0|664bd4e728f06973e1ad995b', NULL, 'An example answer to the question', '', 744, 345),
(9, 'auth0|664bd4e728f06973e1ad995b', 109, 'An example reply to a comment', '', 17, 832),
(9, 'auth0|664bd5133607699d90546f1f', NULL, 'An example answer to the question', '', 345, 393),
(9, 'auth0|664bd5133607699d90546f1f', 111, 'An example reply to a comment', '', 359, 725),
(9, 'auth0|664bd549cd7249b0adc687da', NULL, 'An example answer to the question', '', 511, 928),
(9, 'auth0|664bd56128f06973e1ad9992', NULL, 'An example answer to the question', '', 805, 413),
(9, 'auth0|664bd57c63b005fba106f53c', NULL, 'An example answer to the question', '', 934, 39),
(9, 'auth0|664bd59b84b75fb6c99704f1', NULL, 'An example answer to the question', '', 322, 887),
(9, 'auth0|664bd5b4cd7249b0adc68813', NULL, 'An example answer to the question', '', 917, 367),
(9, 'auth0|664bd5b4cd7249b0adc68813', 117, 'An example reply to a comment', '', 860, 337),
(9, 'auth0|664bd5f163b005fba106f584', NULL, 'An example answer to the question', '', 379, 274),
(9, 'auth0|664bd6110f4ade208667e532', NULL, 'An example answer to the question', '', 971, 696),
(10, 'auth0|664bd5d384b75fb6c997050f', NULL, 'An example answer to the question', '', 164, 815),
(10, 'auth0|664bd5d384b75fb6c997050f', 121, 'An example reply to a comment', '', 161, 59),
(10, 'auth0|664bd4e728f06973e1ad995b', NULL, 'An example answer to the question', '', 608, 251),
(10, 'auth0|664bd5133607699d90546f1f', NULL, 'An example answer to the question', '', 172, 633),
(10, 'auth0|664bd5133607699d90546f1f', 124, 'An example reply to a comment', '', 118, 438),
(10, 'auth0|664bd549cd7249b0adc687da', NULL, 'An example answer to the question', '', 968, 197),
(10, 'auth0|664bd56128f06973e1ad9992', NULL, 'An example answer to the question', '', 490, 391),
(10, 'auth0|664bd57c63b005fba106f53c', NULL, 'An example answer to the question', '', 567, 467),
(10, 'auth0|664bd57c63b005fba106f53c', 128, 'An example reply to a comment', '', 51, 486),
(10, 'auth0|664bd59b84b75fb6c99704f1', NULL, 'An example answer to the question', '', 265, 264),
(10, 'auth0|664bd59b84b75fb6c99704f1', 130, 'An example reply to a comment', '', 680, 257),
(10, 'auth0|664bd5b4cd7249b0adc68813', NULL, 'An example answer to the question', '', 365, 25),
(10, 'auth0|664bd5f163b005fba106f584', NULL, 'An example answer to the question', '', 506, 604),
(10, 'auth0|664bd6110f4ade208667e532', NULL, 'An example answer to the question', '', 527, 566),
(11, 'auth0|664bd5d384b75fb6c997050f', NULL, 'An example answer to the question', '', 362, 594),
(11, 'auth0|664bd4e728f06973e1ad995b', NULL, 'An example answer to the question', '', 771, 627),
(11, 'auth0|664bd5133607699d90546f1f', NULL, 'An example answer to the question', '', 119, 355),
(11, 'auth0|664bd5133607699d90546f1f', 137, 'An example reply to a comment', '', 120, 241),
(11, 'auth0|664bd549cd7249b0adc687da', NULL, 'An example answer to the question', '', 751, 841),
(11, 'auth0|664bd56128f06973e1ad9992', NULL, 'An example answer to the question', '', 327, 68),
(11, 'auth0|664bd57c63b005fba106f53c', NULL, 'An example answer to the question', '', 185, 269),
(11, 'auth0|664bd59b84b75fb6c99704f1', NULL, 'An example answer to the question', '', 507, 475),
(11, 'auth0|664bd59b84b75fb6c99704f1', 142, 'An example reply to a comment', '', 518, 140),
(11, 'auth0|664bd5b4cd7249b0adc68813', NULL, 'An example answer to the question', '', 205, 741),
(11, 'auth0|664bd5b4cd7249b0adc68813', 144, 'An example reply to a comment', '', 3, 142),
(11, 'auth0|664bd5f163b005fba106f584', NULL, 'An example answer to the question', '', 155, 364),
(11, 'auth0|664bd5f163b005fba106f584', 146, 'An example reply to a comment', '', 819, 840),
(11, 'auth0|664bd6110f4ade208667e532', NULL, 'An example answer to the question', '', 452, 902),
(12, 'auth0|664bd5d384b75fb6c997050f', NULL, 'An example answer to the question', '', 659, 971),
(12, 'auth0|664bd4e728f06973e1ad995b', NULL, 'An example answer to the question', '', 111, 576),
(12, 'auth0|664bd4e728f06973e1ad995b', 150, 'An example reply to a comment', '', 937, 30),
(12, 'auth0|664bd5133607699d90546f1f', NULL, 'An example answer to the question', '', 891, 417),
(12, 'auth0|664bd549cd7249b0adc687da', NULL, 'An example answer to the question', '', 812, 614),
(12, 'auth0|664bd549cd7249b0adc687da', 153, 'An example reply to a comment', '', 294, 702),
(12, 'auth0|664bd56128f06973e1ad9992', NULL, 'An example answer to the question', '', 149, 730),
(12, 'auth0|664bd57c63b005fba106f53c', NULL, 'An example answer to the question', '', 685, 1),
(12, 'auth0|664bd57c63b005fba106f53c', 156, 'An example reply to a comment', '', 592, 804),
(12, 'auth0|664bd59b84b75fb6c99704f1', NULL, 'An example answer to the question', '', 518, 129),
(12, 'auth0|664bd5b4cd7249b0adc68813', NULL, 'An example answer to the question', '', 810, 916),
(12, 'auth0|664bd5f163b005fba106f584', NULL, 'An example answer to the question', '', 332, 44),
(12, 'auth0|664bd5f163b005fba106f584', 160, 'An example reply to a comment', '', 541, 330),
(12, 'auth0|664bd6110f4ade208667e532', NULL, 'An example answer to the question', '', 622, 408),
(12, 'auth0|664bd6110f4ade208667e532', 162, 'An example reply to a comment', '', 519, 655),
(13, 'auth0|664bd5d384b75fb6c997050f', NULL, 'An example answer to the question', '', 113, 754),
(13, 'auth0|664bd5d384b75fb6c997050f', 164, 'An example reply to a comment', '', 132, 765),
(13, 'auth0|664bd4e728f06973e1ad995b', NULL, 'An example answer to the question', '', 180, 54),
(13, 'auth0|664bd4e728f06973e1ad995b', 166, 'An example reply to a comment', '', 24, 955),
(13, 'auth0|664bd5133607699d90546f1f', NULL, 'An example answer to the question', '', 607, 616),
(13, 'auth0|664bd549cd7249b0adc687da', NULL, 'An example answer to the question', '', 445, 133),
(13, 'auth0|664bd56128f06973e1ad9992', NULL, 'An example answer to the question', '', 629, 983),
(13, 'auth0|664bd57c63b005fba106f53c', NULL, 'An example answer to the question', '', 827, 99),
(13, 'auth0|664bd57c63b005fba106f53c', 171, 'An example reply to a comment', '', 666, 144),
(13, 'auth0|664bd59b84b75fb6c99704f1', NULL, 'An example answer to the question', '', 382, 509),
(13, 'auth0|664bd5b4cd7249b0adc68813', NULL, 'An example answer to the question', '', 430, 486),
(13, 'auth0|664bd5b4cd7249b0adc68813', 174, 'An example reply to a comment', '', 543, 690),
(13, 'auth0|664bd5f163b005fba106f584', NULL, 'An example answer to the question', '', 479, 494),
(13, 'auth0|664bd6110f4ade208667e532', NULL, 'An example answer to the question', '', 544, 354),
(14, 'auth0|664bd5d384b75fb6c997050f', NULL, 'An example answer to the question', '', 895, 354),
(14, 'auth0|664bd4e728f06973e1ad995b', NULL, 'An example answer to the question', '', 40, 138),
(14, 'auth0|664bd5133607699d90546f1f', NULL, 'An example answer to the question', '', 181, 573),
(14, 'auth0|664bd549cd7249b0adc687da', NULL, 'An example answer to the question', '', 745, 646),
(14, 'auth0|664bd56128f06973e1ad9992', NULL, 'An example answer to the question', '', 823, 459),
(14, 'auth0|664bd56128f06973e1ad9992', 182, 'An example reply to a comment', '', 796, 973),
(14, 'auth0|664bd57c63b005fba106f53c', NULL, 'An example answer to the question', '', 479, 329),
(14, 'auth0|664bd57c63b005fba106f53c', 184, 'An example reply to a comment', '', 753, 554),
(14, 'auth0|664bd59b84b75fb6c99704f1', NULL, 'An example answer to the question', '', 227, 345),
(14, 'auth0|664bd5b4cd7249b0adc68813', NULL, 'An example answer to the question', '', 299, 810),
(14, 'auth0|664bd5b4cd7249b0adc68813', 187, 'An example reply to a comment', '', 794, 177),
(14, 'auth0|664bd5f163b005fba106f584', NULL, 'An example answer to the question', '', 271, 149),
(14, 'auth0|664bd6110f4ade208667e532', NULL, 'An example answer to the question', '', 746, 815),
(15, 'auth0|664bd5d384b75fb6c997050f', NULL, 'An example answer to the question', '', 482, 532),
(15, 'auth0|664bd5d384b75fb6c997050f', 191, 'An example reply to a comment', '', 656, 726),
(15, 'auth0|664bd4e728f06973e1ad995b', NULL, 'An example answer to the question', '', 354, 969),
(15, 'auth0|664bd5133607699d90546f1f', NULL, 'An example answer to the question', '', 853, 743),
(15, 'auth0|664bd549cd7249b0adc687da', NULL, 'An example answer to the question', '', 435, 504),
(15, 'auth0|664bd56128f06973e1ad9992', NULL, 'An example answer to the question', '', 796, 1000),
(15, 'auth0|664bd57c63b005fba106f53c', NULL, 'An example answer to the question', '', 949, 618),
(15, 'auth0|664bd57c63b005fba106f53c', 197, 'An example reply to a comment', '', 641, 718),
(15, 'auth0|664bd59b84b75fb6c99704f1', NULL, 'An example answer to the question', '', 470, 770),
(15, 'auth0|664bd5b4cd7249b0adc68813', NULL, 'An example answer to the question', '', 688, 53),
(15, 'auth0|664bd5f163b005fba106f584', NULL, 'An example answer to the question', '', 896, 727),
(15, 'auth0|664bd6110f4ade208667e532', NULL, 'An example answer to the question', '', 388, 63),
(16, 'auth0|664bd5d384b75fb6c997050f', NULL, 'An example answer to the question', '', 464, 317),
(16, 'auth0|664bd4e728f06973e1ad995b', NULL, 'An example answer to the question', '', 753, 240),
(16, 'auth0|664bd5133607699d90546f1f', NULL, 'An example answer to the question', '', 705, 193),
(16, 'auth0|664bd5133607699d90546f1f', 205, 'An example reply to a comment', '', 357, 472),
(16, 'auth0|664bd549cd7249b0adc687da', NULL, 'An example answer to the question', '', 140, 430),
(16, 'auth0|664bd56128f06973e1ad9992', NULL, 'An example answer to the question', '', 32, 155),
(16, 'auth0|664bd56128f06973e1ad9992', 208, 'An example reply to a comment', '', 700, 818),
(16, 'auth0|664bd57c63b005fba106f53c', NULL, 'An example answer to the question', '', 711, 285),
(16, 'auth0|664bd59b84b75fb6c99704f1', NULL, 'An example answer to the question', '', 238, 209),
(16, 'auth0|664bd59b84b75fb6c99704f1', 211, 'An example reply to a comment', '', 929, 174),
(16, 'auth0|664bd5b4cd7249b0adc68813', NULL, 'An example answer to the question', '', 17, 685),
(16, 'auth0|664bd5f163b005fba106f584', NULL, 'An example answer to the question', '', 348, 760),
(16, 'auth0|664bd5f163b005fba106f584', 214, 'An example reply to a comment', '', 931, 541),
(16, 'auth0|664bd6110f4ade208667e532', NULL, 'An example answer to the question', '', 966, 533),
(16, 'auth0|664bd6110f4ade208667e532', 216, 'An example reply to a comment', '', 651, 841),
(17, 'auth0|664bd5d384b75fb6c997050f', NULL, 'An example answer to the question', '', 40, 962),
(17, 'auth0|664bd5d384b75fb6c997050f', 218, 'An example reply to a comment', '', 88, 196),
(17, 'auth0|664bd4e728f06973e1ad995b', NULL, 'An example answer to the question', '', 482, 925),
(17, 'auth0|664bd5133607699d90546f1f', NULL, 'An example answer to the question', '', 400, 265),
(17, 'auth0|664bd549cd7249b0adc687da', NULL, 'An example answer to the question', '', 428, 416),
(17, 'auth0|664bd549cd7249b0adc687da', 222, 'An example reply to a comment', '', 971, 979),
(17, 'auth0|664bd56128f06973e1ad9992', NULL, 'An example answer to the question', '', 973, 539),
(17, 'auth0|664bd57c63b005fba106f53c', NULL, 'An example answer to the question', '', 111, 309),
(17, 'auth0|664bd59b84b75fb6c99704f1', NULL, 'An example answer to the question', '', 552, 286),
(17, 'auth0|664bd5b4cd7249b0adc68813', NULL, 'An example answer to the question', '', 477, 711),
(17, 'auth0|664bd5f163b005fba106f584', NULL, 'An example answer to the question', '', 793, 495),
(17, 'auth0|664bd6110f4ade208667e532', NULL, 'An example answer to the question', '', 754, 48),
(18, 'auth0|664bd5d384b75fb6c997050f', NULL, 'An example answer to the question', '', 458, 449),
(18, 'auth0|664bd5d384b75fb6c997050f', 230, 'An example reply to a comment', '', 794, 909),
(18, 'auth0|664bd4e728f06973e1ad995b', NULL, 'An example answer to the question', '', 237, 593),
(18, 'auth0|664bd5133607699d90546f1f', NULL, 'An example answer to the question', '', 611, 55),
(18, 'auth0|664bd5133607699d90546f1f', 233, 'An example reply to a comment', '', 842, 315),
(18, 'auth0|664bd549cd7249b0adc687da', NULL, 'An example answer to the question', '', 141, 186),
(18, 'auth0|664bd56128f06973e1ad9992', NULL, 'An example answer to the question', '', 487, 892),
(18, 'auth0|664bd56128f06973e1ad9992', 236, 'An example reply to a comment', '', 152, 887),
(18, 'auth0|664bd57c63b005fba106f53c', NULL, 'An example answer to the question', '', 113, 909),
(18, 'auth0|664bd59b84b75fb6c99704f1', NULL, 'An example answer to the question', '', 428, 461),
(18, 'auth0|664bd5b4cd7249b0adc68813', NULL, 'An example answer to the question', '', 839, 542),
(18, 'auth0|664bd5f163b005fba106f584', NULL, 'An example answer to the question', '', 375, 906),
(18, 'auth0|664bd6110f4ade208667e532', NULL, 'An example answer to the question', '', 552, 39),
(19, 'auth0|664bd5d384b75fb6c997050f', NULL, 'An example answer to the question', '', 332, 621),
(19, 'auth0|664bd4e728f06973e1ad995b', NULL, 'An example answer to the question', '', 564, 561),
(19, 'auth0|664bd5133607699d90546f1f', NULL, 'An example answer to the question', '', 806, 669),
(19, 'auth0|664bd549cd7249b0adc687da', NULL, 'An example answer to the question', '', 999, 389),
(19, 'auth0|664bd56128f06973e1ad9992', NULL, 'An example answer to the question', '', 670, 3),
(19, 'auth0|664bd57c63b005fba106f53c', NULL, 'An example answer to the question', '', 23, 526),
(19, 'auth0|664bd57c63b005fba106f53c', 248, 'An example reply to a comment', '', 78, 355),
(19, 'auth0|664bd59b84b75fb6c99704f1', NULL, 'An example answer to the question', '', 267, 712),
(19, 'auth0|664bd5b4cd7249b0adc68813', NULL, 'An example answer to the question', '', 109, 3),
(19, 'auth0|664bd5b4cd7249b0adc68813', 251, 'An example reply to a comment', '', 856, 733),
(19, 'auth0|664bd5f163b005fba106f584', NULL, 'An example answer to the question', '', 122, 79),
(19, 'auth0|664bd5f163b005fba106f584', 253, 'An example reply to a comment', '', 358, 92),
(19, 'auth0|664bd6110f4ade208667e532', NULL, 'An example answer to the question', '', 424, 755),
(20, 'auth0|664bd5d384b75fb6c997050f', NULL, 'An example answer to the question', '', 38, 84),
(20, 'auth0|664bd5d384b75fb6c997050f', 256, 'An example reply to a comment', '', 666, 16),
(20, 'auth0|664bd4e728f06973e1ad995b', NULL, 'An example answer to the question', '', 898, 687),
(20, 'auth0|664bd5133607699d90546f1f', NULL, 'An example answer to the question', '', 228, 311),
(20, 'auth0|664bd549cd7249b0adc687da', NULL, 'An example answer to the question', '', 349, 980),
(20, 'auth0|664bd549cd7249b0adc687da', 260, 'An example reply to a comment', '', 795, 399),
(20, 'auth0|664bd56128f06973e1ad9992', NULL, 'An example answer to the question', '', 536, 219),
(20, 'auth0|664bd56128f06973e1ad9992', 262, 'An example reply to a comment', '', 4, 921),
(20, 'auth0|664bd57c63b005fba106f53c', NULL, 'An example answer to the question', '', 535, 853),
(20, 'auth0|664bd59b84b75fb6c99704f1', NULL, 'An example answer to the question', '', 608, 71),
(20, 'auth0|664bd59b84b75fb6c99704f1', 265, 'An example reply to a comment', '', 384, 195),
(20, 'auth0|664bd5b4cd7249b0adc68813', NULL, 'An example answer to the question', '', 708, 766),
(20, 'auth0|664bd5f163b005fba106f584', NULL, 'An example answer to the question', '', 395, 440),
(20, 'auth0|664bd5f163b005fba106f584', 268, 'An example reply to a comment', '', 700, 643),
(20, 'auth0|664bd6110f4ade208667e532', NULL, 'An example answer to the question', '', 86, 90),
(21, 'auth0|664bd5d384b75fb6c997050f', NULL, 'An example answer to the question', '', 513, 659),
(21, 'auth0|664bd4e728f06973e1ad995b', NULL, 'An example answer to the question', '', 152, 758),
(21, 'auth0|664bd5133607699d90546f1f', NULL, 'An example answer to the question', '', 92, 652),
(21, 'auth0|664bd5133607699d90546f1f', 273, 'An example reply to a comment', '', 976, 148),
(21, 'auth0|664bd549cd7249b0adc687da', NULL, 'An example answer to the question', '', 502, 166),
(21, 'auth0|664bd56128f06973e1ad9992', NULL, 'An example answer to the question', '', 602, 67),
(21, 'auth0|664bd56128f06973e1ad9992', 276, 'An example reply to a comment', '', 311, 861),
(21, 'auth0|664bd57c63b005fba106f53c', NULL, 'An example answer to the question', '', 382, 791),
(21, 'auth0|664bd57c63b005fba106f53c', 278, 'An example reply to a comment', '', 344, 789),
(21, 'auth0|664bd59b84b75fb6c99704f1', NULL, 'An example answer to the question', '', 232, 587),
(21, 'auth0|664bd5b4cd7249b0adc68813', NULL, 'An example answer to the question', '', 616, 183),
(21, 'auth0|664bd5f163b005fba106f584', NULL, 'An example answer to the question', '', 579, 32),
(21, 'auth0|664bd6110f4ade208667e532', NULL, 'An example answer to the question', '', 365, 723),
(21, 'auth0|664bd6110f4ade208667e532', 283, 'An example reply to a comment', '', 472, 197),
(22, 'auth0|664bd5d384b75fb6c997050f', NULL, 'An example answer to the question', '', 339, 853),
(22, 'auth0|664bd5d384b75fb6c997050f', 285, 'An example reply to a comment', '', 502, 296),
(22, 'auth0|664bd4e728f06973e1ad995b', NULL, 'An example answer to the question', '', 86, 482),
(22, 'auth0|664bd5133607699d90546f1f', NULL, 'An example answer to the question', '', 151, 664),
(22, 'auth0|664bd549cd7249b0adc687da', NULL, 'An example answer to the question', '', 275, 659),
(22, 'auth0|664bd56128f06973e1ad9992', NULL, 'An example answer to the question', '', 26, 876),
(22, 'auth0|664bd57c63b005fba106f53c', NULL, 'An example answer to the question', '', 819, 282),
(22, 'auth0|664bd59b84b75fb6c99704f1', NULL, 'An example answer to the question', '', 933, 113),
(22, 'auth0|664bd5b4cd7249b0adc68813', NULL, 'An example answer to the question', '', 118, 375),
(22, 'auth0|664bd5f163b005fba106f584', NULL, 'An example answer to the question', '', 346, 617),
(22, 'auth0|664bd6110f4ade208667e532', NULL, 'An example answer to the question', '', 165, 938),
(23, 'auth0|664bd5d384b75fb6c997050f', NULL, 'An example answer to the question', '', 710, 214),
(23, 'auth0|664bd4e728f06973e1ad995b', NULL, 'An example answer to the question', '', 669, 915),
(23, 'auth0|664bd4e728f06973e1ad995b', 297, 'An example reply to a comment', '', 453, 126),
(23, 'auth0|664bd5133607699d90546f1f', NULL, 'An example answer to the question', '', 595, 882),
(23, 'auth0|664bd549cd7249b0adc687da', NULL, 'An example answer to the question', '', 860, 471),
(23, 'auth0|664bd56128f06973e1ad9992', NULL, 'An example answer to the question', '', 602, 691),
(23, 'auth0|664bd56128f06973e1ad9992', 301, 'An example reply to a comment', '', 563, 60),
(23, 'auth0|664bd57c63b005fba106f53c', NULL, 'An example answer to the question', '', 624, 684),
(23, 'auth0|664bd57c63b005fba106f53c', 303, 'An example reply to a comment', '', 335, 952),
(23, 'auth0|664bd59b84b75fb6c99704f1', NULL, 'An example answer to the question', '', 685, 45),
(23, 'auth0|664bd59b84b75fb6c99704f1', 305, 'An example reply to a comment', '', 426, 350),
(23, 'auth0|664bd5b4cd7249b0adc68813', NULL, 'An example answer to the question', '', 235, 459),
(23, 'auth0|664bd5f163b005fba106f584', NULL, 'An example answer to the question', '', 473, 14),
(23, 'auth0|664bd5f163b005fba106f584', 308, 'An example reply to a comment', '', 280, 889),
(23, 'auth0|664bd6110f4ade208667e532', NULL, 'An example answer to the question', '', 567, 641),
(23, 'auth0|664bd6110f4ade208667e532', 310, 'An example reply to a comment', '', 78, 822),
(24, 'auth0|664bd5d384b75fb6c997050f', NULL, 'An example answer to the question', '', 211, 716),
(24, 'auth0|664bd5d384b75fb6c997050f', 312, 'An example reply to a comment', '', 442, 503),
(24, 'auth0|664bd4e728f06973e1ad995b', NULL, 'An example answer to the question', '', 954, 526),
(24, 'auth0|664bd4e728f06973e1ad995b', 314, 'An example reply to a comment', '', 321, 816),
(24, 'auth0|664bd5133607699d90546f1f', NULL, 'An example answer to the question', '', 760, 314),
(24, 'auth0|664bd549cd7249b0adc687da', NULL, 'An example answer to the question', '', 497, 661),
(24, 'auth0|664bd549cd7249b0adc687da', 317, 'An example reply to a comment', '', 457, 109),
(24, 'auth0|664bd56128f06973e1ad9992', NULL, 'An example answer to the question', '', 787, 916),
(24, 'auth0|664bd56128f06973e1ad9992', 319, 'An example reply to a comment', '', 245, 576),
(24, 'auth0|664bd57c63b005fba106f53c', NULL, 'An example answer to the question', '', 997, 802),
(24, 'auth0|664bd57c63b005fba106f53c', 321, 'An example reply to a comment', '', 29, 360),
(24, 'auth0|664bd59b84b75fb6c99704f1', NULL, 'An example answer to the question', '', 243, 395),
(24, 'auth0|664bd5b4cd7249b0adc68813', NULL, 'An example answer to the question', '', 530, 24),
(24, 'auth0|664bd5f163b005fba106f584', NULL, 'An example answer to the question', '', 382, 849),
(24, 'auth0|664bd5f163b005fba106f584', 325, 'An example reply to a comment', '', 895, 808),
(24, 'auth0|664bd6110f4ade208667e532', NULL, 'An example answer to the question', '', 428, 427),
(25, 'auth0|664bd5d384b75fb6c997050f', NULL, 'An example answer to the question', '', 12, 344),
(25, 'auth0|664bd5d384b75fb6c997050f', 328, 'An example reply to a comment', '', 50, 915),
(25, 'auth0|664bd4e728f06973e1ad995b', NULL, 'An example answer to the question', '', 583, 951),
(25, 'auth0|664bd4e728f06973e1ad995b', 330, 'An example reply to a comment', '', 485, 179),
(25, 'auth0|664bd5133607699d90546f1f', NULL, 'An example answer to the question', '', 713, 188),
(25, 'auth0|664bd5133607699d90546f1f', 332, 'An example reply to a comment', '', 375, 150),
(25, 'auth0|664bd549cd7249b0adc687da', NULL, 'An example answer to the question', '', 137, 812),
(25, 'auth0|664bd56128f06973e1ad9992', NULL, 'An example answer to the question', '', 262, 31),
(25, 'auth0|664bd57c63b005fba106f53c', NULL, 'An example answer to the question', '', 118, 66),
(25, 'auth0|664bd57c63b005fba106f53c', 336, 'An example reply to a comment', '', 920, 450),
(25, 'auth0|664bd59b84b75fb6c99704f1', NULL, 'An example answer to the question', '', 458, 999),
(25, 'auth0|664bd59b84b75fb6c99704f1', 338, 'An example reply to a comment', '', 795, 990),
(25, 'auth0|664bd5b4cd7249b0adc68813', NULL, 'An example answer to the question', '', 478, 675),
(25, 'auth0|664bd5b4cd7249b0adc68813', 340, 'An example reply to a comment', '', 920, 171),
(25, 'auth0|664bd5f163b005fba106f584', NULL, 'An example answer to the question', '', 589, 260),
(25, 'auth0|664bd5f163b005fba106f584', 342, 'An example reply to a comment', '', 272, 602),
(25, 'auth0|664bd6110f4ade208667e532', NULL, 'An example answer to the question', '', 673, 990),
(25, 'auth0|664bd6110f4ade208667e532', 344, 'An example reply to a comment', '', 152, 40),
(26, 'auth0|664bd5d384b75fb6c997050f', NULL, 'An example answer to the question', '', 362, 997),
(26, 'auth0|664bd4e728f06973e1ad995b', NULL, 'An example answer to the question', '', 696, 264),
(26, 'auth0|664bd5133607699d90546f1f', NULL, 'An example answer to the question', '', 782, 328),
(26, 'auth0|664bd5133607699d90546f1f', 348, 'An example reply to a comment', '', 291, 207),
(26, 'auth0|664bd549cd7249b0adc687da', NULL, 'An example answer to the question', '', 801, 375),
(26, 'auth0|664bd56128f06973e1ad9992', NULL, 'An example answer to the question', '', 245, 745),
(26, 'auth0|664bd57c63b005fba106f53c', NULL, 'An example answer to the question', '', 90, 984),
(26, 'auth0|664bd57c63b005fba106f53c', 352, 'An example reply to a comment', '', 883, 253),
(26, 'auth0|664bd59b84b75fb6c99704f1', NULL, 'An example answer to the question', '', 25, 112),
(26, 'auth0|664bd5b4cd7249b0adc68813', NULL, 'An example answer to the question', '', 798, 357),
(26, 'auth0|664bd5f163b005fba106f584', NULL, 'An example answer to the question', '', 959, 243),
(26, 'auth0|664bd6110f4ade208667e532', NULL, 'An example answer to the question', '', 354, 105),
(27, 'auth0|664bd5d384b75fb6c997050f', NULL, 'An example answer to the question', '', 155, 41),
(27, 'auth0|664bd4e728f06973e1ad995b', NULL, 'An example answer to the question', '', 705, 101),
(27, 'auth0|664bd5133607699d90546f1f', NULL, 'An example answer to the question', '', 796, 591),
(27, 'auth0|664bd549cd7249b0adc687da', NULL, 'An example answer to the question', '', 21, 642),
(27, 'auth0|664bd549cd7249b0adc687da', 361, 'An example reply to a comment', '', 830, 841),
(27, 'auth0|664bd56128f06973e1ad9992', NULL, 'An example answer to the question', '', 443, 998),
(27, 'auth0|664bd57c63b005fba106f53c', NULL, 'An example answer to the question', '', 665, 598),
(27, 'auth0|664bd59b84b75fb6c99704f1', NULL, 'An example answer to the question', '', 897, 279),
(27, 'auth0|664bd5b4cd7249b0adc68813', NULL, 'An example answer to the question', '', 21, 645),
(27, 'auth0|664bd5f163b005fba106f584', NULL, 'An example answer to the question', '', 624, 682),
(27, 'auth0|664bd6110f4ade208667e532', NULL, 'An example answer to the question', '', 980, 188),
(28, 'auth0|664bd5d384b75fb6c997050f', NULL, 'An example answer to the question', '', 93, 863),
(28, 'auth0|664bd4e728f06973e1ad995b', NULL, 'An example answer to the question', '', 612, 959),
(28, 'auth0|664bd5133607699d90546f1f', NULL, 'An example answer to the question', '', 634, 188),
(28, 'auth0|664bd5133607699d90546f1f', 371, 'An example reply to a comment', '', 941, 619),
(28, 'auth0|664bd549cd7249b0adc687da', NULL, 'An example answer to the question', '', 191, 764),
(28, 'auth0|664bd56128f06973e1ad9992', NULL, 'An example answer to the question', '', 438, 809),
(28, 'auth0|664bd56128f06973e1ad9992', 374, 'An example reply to a comment', '', 428, 500),
(28, 'auth0|664bd57c63b005fba106f53c', NULL, 'An example answer to the question', '', 148, 789),
(28, 'auth0|664bd57c63b005fba106f53c', 376, 'An example reply to a comment', '', 679, 711),
(28, 'auth0|664bd59b84b75fb6c99704f1', NULL, 'An example answer to the question', '', 661, 843),
(28, 'auth0|664bd5b4cd7249b0adc68813', NULL, 'An example answer to the question', '', 269, 687),
(28, 'auth0|664bd5f163b005fba106f584', NULL, 'An example answer to the question', '', 976, 334),
(28, 'auth0|664bd5f163b005fba106f584', 380, 'An example reply to a comment', '', 624, 353),
(28, 'auth0|664bd6110f4ade208667e532', NULL, 'An example answer to the question', '', 581, 762),
(28, 'auth0|664bd6110f4ade208667e532', 382, 'An example reply to a comment', '', 624, 540),
(29, 'auth0|664bd5d384b75fb6c997050f', NULL, 'An example answer to the question', '', 817, 543),
(29, 'auth0|664bd4e728f06973e1ad995b', NULL, 'An example answer to the question', '', 161, 151),
(29, 'auth0|664bd4e728f06973e1ad995b', 385, 'An example reply to a comment', '', 606, 763),
(29, 'auth0|664bd5133607699d90546f1f', NULL, 'An example answer to the question', '', 620, 927),
(29, 'auth0|664bd549cd7249b0adc687da', NULL, 'An example answer to the question', '', 816, 877),
(29, 'auth0|664bd56128f06973e1ad9992', NULL, 'An example answer to the question', '', 797, 240),
(29, 'auth0|664bd57c63b005fba106f53c', NULL, 'An example answer to the question', '', 402, 613),
(29, 'auth0|664bd59b84b75fb6c99704f1', NULL, 'An example answer to the question', '', 278, 378),
(29, 'auth0|664bd59b84b75fb6c99704f1', 391, 'An example reply to a comment', '', 525, 605),
(29, 'auth0|664bd5b4cd7249b0adc68813', NULL, 'An example answer to the question', '', 820, 428),
(29, 'auth0|664bd5b4cd7249b0adc68813', 393, 'An example reply to a comment', '', 377, 147),
(29, 'auth0|664bd5f163b005fba106f584', NULL, 'An example answer to the question', '', 493, 150),
(29, 'auth0|664bd5f163b005fba106f584', 395, 'An example reply to a comment', '', 585, 363),
(29, 'auth0|664bd6110f4ade208667e532', NULL, 'An example answer to the question', '', 902, 671),
(29, 'auth0|664bd6110f4ade208667e532', 397, 'An example reply to a comment', '', 719, 996),
(30, 'auth0|664bd5d384b75fb6c997050f', NULL, 'An example answer to the question', '', 760, 900),
(30, 'auth0|664bd5d384b75fb6c997050f', 399, 'An example reply to a comment', '', 865, 281),
(30, 'auth0|664bd4e728f06973e1ad995b', NULL, 'An example answer to the question', '', 286, 475),
(30, 'auth0|664bd5133607699d90546f1f', NULL, 'An example answer to the question', '', 612, 792),
(30, 'auth0|664bd549cd7249b0adc687da', NULL, 'An example answer to the question', '', 938, 135),
(30, 'auth0|664bd56128f06973e1ad9992', NULL, 'An example answer to the question', '', 444, 641),
(30, 'auth0|664bd57c63b005fba106f53c', NULL, 'An example answer to the question', '', 904, 967),
(30, 'auth0|664bd57c63b005fba106f53c', 405, 'An example reply to a comment', '', 838, 689),
(30, 'auth0|664bd59b84b75fb6c99704f1', NULL, 'An example answer to the question', '', 762, 403),
(30, 'auth0|664bd5b4cd7249b0adc68813', NULL, 'An example answer to the question', '', 991, 867),
(30, 'auth0|664bd5b4cd7249b0adc68813', 408, 'An example reply to a comment', '', 865, 492),
(30, 'auth0|664bd5f163b005fba106f584', NULL, 'An example answer to the question', '', 405, 261),
(30, 'auth0|664bd5f163b005fba106f584', 410, 'An example reply to a comment', '', 842, 249),
(30, 'auth0|664bd6110f4ade208667e532', NULL, 'An example answer to the question', '', 660, 358),
(30, 'auth0|664bd6110f4ade208667e532', 412, 'An example reply to a comment', '', 273, 625),
(31, 'auth0|664bd5d384b75fb6c997050f', NULL, 'An example answer to the question', '', 442, 580),
(31, 'auth0|664bd4e728f06973e1ad995b', NULL, 'An example answer to the question', '', 823, 789),
(31, 'auth0|664bd5133607699d90546f1f', NULL, 'An example answer to the question', '', 825, 377),
(31, 'auth0|664bd549cd7249b0adc687da', NULL, 'An example answer to the question', '', 377, 189),
(31, 'auth0|664bd56128f06973e1ad9992', NULL, 'An example answer to the question', '', 22, 998),
(31, 'auth0|664bd56128f06973e1ad9992', 418, 'An example reply to a comment', '', 874, 100),
(31, 'auth0|664bd57c63b005fba106f53c', NULL, 'An example answer to the question', '', 61, 687),
(31, 'auth0|664bd57c63b005fba106f53c', 420, 'An example reply to a comment', '', 119, 91),
(31, 'auth0|664bd59b84b75fb6c99704f1', NULL, 'An example answer to the question', '', 701, 156),
(31, 'auth0|664bd5b4cd7249b0adc68813', NULL, 'An example answer to the question', '', 883, 413),
(31, 'auth0|664bd5f163b005fba106f584', NULL, 'An example answer to the question', '', 657, 770),
(31, 'auth0|664bd5f163b005fba106f584', 424, 'An example reply to a comment', '', 649, 274),
(31, 'auth0|664bd6110f4ade208667e532', NULL, 'An example answer to the question', '', 97, 750),
(31, 'auth0|664bd6110f4ade208667e532', 426, 'An example reply to a comment', '', 584, 201),
(32, 'auth0|664bd5d384b75fb6c997050f', NULL, 'An example answer to the question', '', 222, 84),
(32, 'auth0|664bd5d384b75fb6c997050f', 428, 'An example reply to a comment', '', 971, 734),
(32, 'auth0|664bd4e728f06973e1ad995b', NULL, 'An example answer to the question', '', 338, 715),
(32, 'auth0|664bd4e728f06973e1ad995b', 430, 'An example reply to a comment', '', 826, 350),
(32, 'auth0|664bd5133607699d90546f1f', NULL, 'An example answer to the question', '', 477, 824),
(32, 'auth0|664bd549cd7249b0adc687da', NULL, 'An example answer to the question', '', 697, 744),
(32, 'auth0|664bd549cd7249b0adc687da', 433, 'An example reply to a comment', '', 590, 159),
(32, 'auth0|664bd56128f06973e1ad9992', NULL, 'An example answer to the question', '', 610, 235),
(32, 'auth0|664bd56128f06973e1ad9992', 435, 'An example reply to a comment', '', 924, 145),
(32, 'auth0|664bd57c63b005fba106f53c', NULL, 'An example answer to the question', '', 10, 454),
(32, 'auth0|664bd57c63b005fba106f53c', 437, 'An example reply to a comment', '', 645, 752),
(32, 'auth0|664bd59b84b75fb6c99704f1', NULL, 'An example answer to the question', '', 391, 424),
(32, 'auth0|664bd59b84b75fb6c99704f1', 439, 'An example reply to a comment', '', 544, 857),
(32, 'auth0|664bd5b4cd7249b0adc68813', NULL, 'An example answer to the question', '', 15, 504),
(32, 'auth0|664bd5f163b005fba106f584', NULL, 'An example answer to the question', '', 616, 790),
(32, 'auth0|664bd6110f4ade208667e532', NULL, 'An example answer to the question', '', 372, 526),
(32, 'auth0|664bd6110f4ade208667e532', 443, 'An example reply to a comment', '', 758, 327),
(33, 'auth0|664bd5d384b75fb6c997050f', NULL, 'An example answer to the question', '', 423, 226),
(33, 'auth0|664bd4e728f06973e1ad995b', NULL, 'An example answer to the question', '', 693, 815),
(33, 'auth0|664bd5133607699d90546f1f', NULL, 'An example answer to the question', '', 773, 954),
(33, 'auth0|664bd549cd7249b0adc687da', NULL, 'An example answer to the question', '', 429, 275),
(33, 'auth0|664bd549cd7249b0adc687da', 448, 'An example reply to a comment', '', 834, 703),
(33, 'auth0|664bd56128f06973e1ad9992', NULL, 'An example answer to the question', '', 715, 121),
(33, 'auth0|664bd57c63b005fba106f53c', NULL, 'An example answer to the question', '', 759, 576),
(33, 'auth0|664bd59b84b75fb6c99704f1', NULL, 'An example answer to the question', '', 455, 781),
(33, 'auth0|664bd5b4cd7249b0adc68813', NULL, 'An example answer to the question', '', 530, 868),
(33, 'auth0|664bd5f163b005fba106f584', NULL, 'An example answer to the question', '', 897, 216),
(33, 'auth0|664bd5f163b005fba106f584', 454, 'An example reply to a comment', '', 732, 603),
(33, 'auth0|664bd6110f4ade208667e532', NULL, 'An example answer to the question', '', 617, 317),
(34, 'auth0|664bd5d384b75fb6c997050f', NULL, 'An example answer to the question', '', 16, 382),
(34, 'auth0|664bd4e728f06973e1ad995b', NULL, 'An example answer to the question', '', 606, 2),
(34, 'auth0|664bd5133607699d90546f1f', NULL, 'An example answer to the question', '', 52, 5),
(34, 'auth0|664bd5133607699d90546f1f', 459, 'An example reply to a comment', '', 823, 919),
(34, 'auth0|664bd549cd7249b0adc687da', NULL, 'An example answer to the question', '', 704, 652),
(34, 'auth0|664bd56128f06973e1ad9992', NULL, 'An example answer to the question', '', 146, 348),
(34, 'auth0|664bd56128f06973e1ad9992', 462, 'An example reply to a comment', '', 945, 122),
(34, 'auth0|664bd57c63b005fba106f53c', NULL, 'An example answer to the question', '', 603, 809),
(34, 'auth0|664bd57c63b005fba106f53c', 464, 'An example reply to a comment', '', 318, 848),
(34, 'auth0|664bd59b84b75fb6c99704f1', NULL, 'An example answer to the question', '', 475, 228),
(34, 'auth0|664bd59b84b75fb6c99704f1', 466, 'An example reply to a comment', '', 941, 877),
(34, 'auth0|664bd5b4cd7249b0adc68813', NULL, 'An example answer to the question', '', 746, 715),
(34, 'auth0|664bd5b4cd7249b0adc68813', 468, 'An example reply to a comment', '', 604, 715),
(34, 'auth0|664bd5f163b005fba106f584', NULL, 'An example answer to the question', '', 553, 619),
(34, 'auth0|664bd6110f4ade208667e532', NULL, 'An example answer to the question', '', 435, 271),
(34, 'auth0|664bd6110f4ade208667e532', 471, 'An example reply to a comment', '', 264, 217),
(35, 'auth0|664bd5d384b75fb6c997050f', NULL, 'An example answer to the question', '', 531, 283),
(35, 'auth0|664bd4e728f06973e1ad995b', NULL, 'An example answer to the question', '', 649, 215),
(35, 'auth0|664bd5133607699d90546f1f', NULL, 'An example answer to the question', '', 812, 396),
(35, 'auth0|664bd549cd7249b0adc687da', NULL, 'An example answer to the question', '', 199, 379),
(35, 'auth0|664bd549cd7249b0adc687da', 476, 'An example reply to a comment', '', 755, 267),
(35, 'auth0|664bd56128f06973e1ad9992', NULL, 'An example answer to the question', '', 269, 293),
(35, 'auth0|664bd57c63b005fba106f53c', NULL, 'An example answer to the question', '', 508, 604),
(35, 'auth0|664bd59b84b75fb6c99704f1', NULL, 'An example answer to the question', '', 569, 853),
(35, 'auth0|664bd59b84b75fb6c99704f1', 480, 'An example reply to a comment', '', 152, 376),
(35, 'auth0|664bd5b4cd7249b0adc68813', NULL, 'An example answer to the question', '', 674, 489),
(35, 'auth0|664bd5f163b005fba106f584', NULL, 'An example answer to the question', '', 868, 628),
(35, 'auth0|664bd6110f4ade208667e532', NULL, 'An example answer to the question', '', 211, 748),
(35, 'auth0|664bd6110f4ade208667e532', 484, 'An example reply to a comment', '', 665, 990),
(36, 'auth0|664bd5d384b75fb6c997050f', NULL, 'An example answer to the question', '', 277, 4),
(36, 'auth0|664bd4e728f06973e1ad995b', NULL, 'An example answer to the question', '', 297, 681),
(36, 'auth0|664bd5133607699d90546f1f', NULL, 'An example answer to the question', '', 905, 126),
(36, 'auth0|664bd549cd7249b0adc687da', NULL, 'An example answer to the question', '', 239, 970),
(36, 'auth0|664bd56128f06973e1ad9992', NULL, 'An example answer to the question', '', 38, 331),
(36, 'auth0|664bd57c63b005fba106f53c', NULL, 'An example answer to the question', '', 749, 945),
(36, 'auth0|664bd59b84b75fb6c99704f1', NULL, 'An example answer to the question', '', 604, 753),
(36, 'auth0|664bd59b84b75fb6c99704f1', 492, 'An example reply to a comment', '', 658, 964),
(36, 'auth0|664bd5b4cd7249b0adc68813', NULL, 'An example answer to the question', '', 876, 364),
(36, 'auth0|664bd5b4cd7249b0adc68813', 494, 'An example reply to a comment', '', 237, 746),
(36, 'auth0|664bd5f163b005fba106f584', NULL, 'An example answer to the question', '', 170, 818),
(36, 'auth0|664bd5f163b005fba106f584', 496, 'An example reply to a comment', '', 319, 609),
(36, 'auth0|664bd6110f4ade208667e532', NULL, 'An example answer to the question', '', 531, 239),
(37, 'auth0|664bd5d384b75fb6c997050f', NULL, 'An example answer to the question', '', 944, 438),
(37, 'auth0|664bd4e728f06973e1ad995b', NULL, 'An example answer to the question', '', 77, 188),
(37, 'auth0|664bd4e728f06973e1ad995b', 500, 'An example reply to a comment', '', 33, 320),
(37, 'auth0|664bd5133607699d90546f1f', NULL, 'An example answer to the question', '', 24, 141),
(37, 'auth0|664bd549cd7249b0adc687da', NULL, 'An example answer to the question', '', 55, 895),
(37, 'auth0|664bd56128f06973e1ad9992', NULL, 'An example answer to the question', '', 255, 291),
(37, 'auth0|664bd57c63b005fba106f53c', NULL, 'An example answer to the question', '', 832, 941),
(37, 'auth0|664bd59b84b75fb6c99704f1', NULL, 'An example answer to the question', '', 210, 610),
(37, 'auth0|664bd5b4cd7249b0adc68813', NULL, 'An example answer to the question', '', 417, 356),
(37, 'auth0|664bd5f163b005fba106f584', NULL, 'An example answer to the question', '', 744, 120),
(37, 'auth0|664bd6110f4ade208667e532', NULL, 'An example answer to the question', '', 402, 858),
(38, 'auth0|664bd5d384b75fb6c997050f', NULL, 'An example answer to the question', '', 386, 960),
(38, 'auth0|664bd4e728f06973e1ad995b', NULL, 'An example answer to the question', '', 909, 968),
(38, 'auth0|664bd5133607699d90546f1f', NULL, 'An example answer to the question', '', 54, 266),
(38, 'auth0|664bd549cd7249b0adc687da', NULL, 'An example answer to the question', '', 393, 659),
(38, 'auth0|664bd549cd7249b0adc687da', 513, 'An example reply to a comment', '', 699, 895),
(38, 'auth0|664bd56128f06973e1ad9992', NULL, 'An example answer to the question', '', 559, 959),
(38, 'auth0|664bd56128f06973e1ad9992', 515, 'An example reply to a comment', '', 895, 864),
(38, 'auth0|664bd57c63b005fba106f53c', NULL, 'An example answer to the question', '', 614, 843),
(38, 'auth0|664bd57c63b005fba106f53c', 517, 'An example reply to a comment', '', 646, 285),
(38, 'auth0|664bd59b84b75fb6c99704f1', NULL, 'An example answer to the question', '', 841, 268),
(38, 'auth0|664bd59b84b75fb6c99704f1', 519, 'An example reply to a comment', '', 754, 478),
(38, 'auth0|664bd5b4cd7249b0adc68813', NULL, 'An example answer to the question', '', 110, 869),
(38, 'auth0|664bd5b4cd7249b0adc68813', 521, 'An example reply to a comment', '', 152, 51),
(38, 'auth0|664bd5f163b005fba106f584', NULL, 'An example answer to the question', '', 497, 258),
(38, 'auth0|664bd6110f4ade208667e532', NULL, 'An example answer to the question', '', 781, 186),
(39, 'auth0|664bd5d384b75fb6c997050f', NULL, 'An example answer to the question', '', 754, 273),
(39, 'auth0|664bd5d384b75fb6c997050f', 525, 'An example reply to a comment', '', 724, 848),
(39, 'auth0|664bd4e728f06973e1ad995b', NULL, 'An example answer to the question', '', 973, 770),
(39, 'auth0|664bd4e728f06973e1ad995b', 527, 'An example reply to a comment', '', 703, 290),
(39, 'auth0|664bd5133607699d90546f1f', NULL, 'An example answer to the question', '', 807, 682),
(39, 'auth0|664bd5133607699d90546f1f', 529, 'An example reply to a comment', '', 45, 138),
(39, 'auth0|664bd549cd7249b0adc687da', NULL, 'An example answer to the question', '', 850, 874),
(39, 'auth0|664bd56128f06973e1ad9992', NULL, 'An example answer to the question', '', 528, 667),
(39, 'auth0|664bd57c63b005fba106f53c', NULL, 'An example answer to the question', '', 591, 19),
(39, 'auth0|664bd57c63b005fba106f53c', 533, 'An example reply to a comment', '', 28, 70),
(39, 'auth0|664bd59b84b75fb6c99704f1', NULL, 'An example answer to the question', '', 842, 973),
(39, 'auth0|664bd5b4cd7249b0adc68813', NULL, 'An example answer to the question', '', 979, 122),
(39, 'auth0|664bd5b4cd7249b0adc68813', 536, 'An example reply to a comment', '', 565, 152),
(39, 'auth0|664bd5f163b005fba106f584', NULL, 'An example answer to the question', '', 542, 997),
(39, 'auth0|664bd5f163b005fba106f584', 538, 'An example reply to a comment', '', 947, 193),
(39, 'auth0|664bd6110f4ade208667e532', NULL, 'An example answer to the question', '', 265, 340),
(39, 'auth0|664bd6110f4ade208667e532', 540, 'An example reply to a comment', '', 974, 651),
(40, 'auth0|664bd5d384b75fb6c997050f', NULL, 'An example answer to the question', '', 974, 779),
(40, 'auth0|664bd4e728f06973e1ad995b', NULL, 'An example answer to the question', '', 957, 986),
(40, 'auth0|664bd4e728f06973e1ad995b', 543, 'An example reply to a comment', '', 691, 868),
(40, 'auth0|664bd5133607699d90546f1f', NULL, 'An example answer to the question', '', 948, 233),
(40, 'auth0|664bd549cd7249b0adc687da', NULL, 'An example answer to the question', '', 64, 4),
(40, 'auth0|664bd549cd7249b0adc687da', 546, 'An example reply to a comment', '', 298, 565),
(40, 'auth0|664bd56128f06973e1ad9992', NULL, 'An example answer to the question', '', 469, 659),
(40, 'auth0|664bd57c63b005fba106f53c', NULL, 'An example answer to the question', '', 937, 521),
(40, 'auth0|664bd59b84b75fb6c99704f1', NULL, 'An example answer to the question', '', 335, 150),
(40, 'auth0|664bd5b4cd7249b0adc68813', NULL, 'An example answer to the question', '', 959, 103),
(40, 'auth0|664bd5b4cd7249b0adc68813', 551, 'An example reply to a comment', '', 549, 71),
(40, 'auth0|664bd5f163b005fba106f584', NULL, 'An example answer to the question', '', 67, 899),
(40, 'auth0|664bd6110f4ade208667e532', NULL, 'An example answer to the question', '', 847, 906),
(41, 'auth0|664bd5d384b75fb6c997050f', NULL, 'An example answer to the question', '', 55, 19),
(41, 'auth0|664bd5d384b75fb6c997050f', 555, 'An example reply to a comment', '', 855, 725),
(41, 'auth0|664bd4e728f06973e1ad995b', NULL, 'An example answer to the question', '', 780, 969),
(41, 'auth0|664bd4e728f06973e1ad995b', 557, 'An example reply to a comment', '', 298, 482),
(41, 'auth0|664bd5133607699d90546f1f', NULL, 'An example answer to the question', '', 540, 793),
(41, 'auth0|664bd549cd7249b0adc687da', NULL, 'An example answer to the question', '', 219, 362),
(41, 'auth0|664bd549cd7249b0adc687da', 560, 'An example reply to a comment', '', 264, 148),
(41, 'auth0|664bd56128f06973e1ad9992', NULL, 'An example answer to the question', '', 266, 34),
(41, 'auth0|664bd56128f06973e1ad9992', 562, 'An example reply to a comment', '', 378, 47),
(41, 'auth0|664bd57c63b005fba106f53c', NULL, 'An example answer to the question', '', 198, 777),
(41, 'auth0|664bd57c63b005fba106f53c', 564, 'An example reply to a comment', '', 931, 50),
(41, 'auth0|664bd59b84b75fb6c99704f1', NULL, 'An example answer to the question', '', 913, 123),
(41, 'auth0|664bd59b84b75fb6c99704f1', 566, 'An example reply to a comment', '', 347, 95),
(41, 'auth0|664bd5b4cd7249b0adc68813', NULL, 'An example answer to the question', '', 26, 913),
(41, 'auth0|664bd5f163b005fba106f584', NULL, 'An example answer to the question', '', 942, 334),
(41, 'auth0|664bd6110f4ade208667e532', NULL, 'An example answer to the question', '', 703, 577),
(41, 'auth0|664bd6110f4ade208667e532', 570, 'An example reply to a comment', '', 523, 175),
(42, 'auth0|664bd5d384b75fb6c997050f', NULL, 'An example answer to the question', '', 355, 753),
(42, 'auth0|664bd5d384b75fb6c997050f', 572, 'An example reply to a comment', '', 139, 221),
(42, 'auth0|664bd4e728f06973e1ad995b', NULL, 'An example answer to the question', '', 56, 893),
(42, 'auth0|664bd5133607699d90546f1f', NULL, 'An example answer to the question', '', 738, 583),
(42, 'auth0|664bd549cd7249b0adc687da', NULL, 'An example answer to the question', '', 208, 797),
(42, 'auth0|664bd56128f06973e1ad9992', NULL, 'An example answer to the question', '', 937, 160),
(42, 'auth0|664bd56128f06973e1ad9992', 577, 'An example reply to a comment', '', 758, 663),
(42, 'auth0|664bd57c63b005fba106f53c', NULL, 'An example answer to the question', '', 205, 958),
(42, 'auth0|664bd57c63b005fba106f53c', 579, 'An example reply to a comment', '', 586, 176),
(42, 'auth0|664bd59b84b75fb6c99704f1', NULL, 'An example answer to the question', '', 699, 798),
(42, 'auth0|664bd5b4cd7249b0adc68813', NULL, 'An example answer to the question', '', 545, 950),
(42, 'auth0|664bd5b4cd7249b0adc68813', 582, 'An example reply to a comment', '', 710, 123),
(42, 'auth0|664bd5f163b005fba106f584', NULL, 'An example answer to the question', '', 629, 436),
(42, 'auth0|664bd6110f4ade208667e532', NULL, 'An example answer to the question', '', 242, 142),
(42, 'auth0|664bd6110f4ade208667e532', 585, 'An example reply to a comment', '', 563, 892),
(43, 'auth0|664bd5d384b75fb6c997050f', NULL, 'An example answer to the question', '', 816, 328),
(43, 'auth0|664bd4e728f06973e1ad995b', NULL, 'An example answer to the question', '', 620, 183),
(43, 'auth0|664bd4e728f06973e1ad995b', 588, 'An example reply to a comment', '', 960, 48),
(43, 'auth0|664bd5133607699d90546f1f', NULL, 'An example answer to the question', '', 327, 899),
(43, 'auth0|664bd5133607699d90546f1f', 590, 'An example reply to a comment', '', 245, 88),
(43, 'auth0|664bd549cd7249b0adc687da', NULL, 'An example answer to the question', '', 801, 842),
(43, 'auth0|664bd549cd7249b0adc687da', 592, 'An example reply to a comment', '', 37, 894),
(43, 'auth0|664bd56128f06973e1ad9992', NULL, 'An example answer to the question', '', 615, 59),
(43, 'auth0|664bd56128f06973e1ad9992', 594, 'An example reply to a comment', '', 746, 48),
(43, 'auth0|664bd57c63b005fba106f53c', NULL, 'An example answer to the question', '', 13, 565),
(43, 'auth0|664bd59b84b75fb6c99704f1', NULL, 'An example answer to the question', '', 63, 842),
(43, 'auth0|664bd59b84b75fb6c99704f1', 597, 'An example reply to a comment', '', 97, 754),
(43, 'auth0|664bd5b4cd7249b0adc68813', NULL, 'An example answer to the question', '', 240, 224),
(43, 'auth0|664bd5f163b005fba106f584', NULL, 'An example answer to the question', '', 214, 555),
(43, 'auth0|664bd5f163b005fba106f584', 600, 'An example reply to a comment', '', 92, 279),
(43, 'auth0|664bd6110f4ade208667e532', NULL, 'An example answer to the question', '', 801, 426),
(44, 'auth0|664bd5d384b75fb6c997050f', NULL, 'An example answer to the question', '', 782, 518),
(44, 'auth0|664bd5d384b75fb6c997050f', 603, 'An example reply to a comment', '', 685, 355),
(44, 'auth0|664bd4e728f06973e1ad995b', NULL, 'An example answer to the question', '', 517, 891),
(44, 'auth0|664bd4e728f06973e1ad995b', 605, 'An example reply to a comment', '', 89, 752),
(44, 'auth0|664bd5133607699d90546f1f', NULL, 'An example answer to the question', '', 838, 289),
(44, 'auth0|664bd5133607699d90546f1f', 607, 'An example reply to a comment', '', 35, 758),
(44, 'auth0|664bd549cd7249b0adc687da', NULL, 'An example answer to the question', '', 179, 48),
(44, 'auth0|664bd56128f06973e1ad9992', NULL, 'An example answer to the question', '', 257, 82),
(44, 'auth0|664bd57c63b005fba106f53c', NULL, 'An example answer to the question', '', 613, 316),
(44, 'auth0|664bd59b84b75fb6c99704f1', NULL, 'An example answer to the question', '', 478, 119),
(44, 'auth0|664bd5b4cd7249b0adc68813', NULL, 'An example answer to the question', '', 142, 687),
(44, 'auth0|664bd5b4cd7249b0adc68813', 613, 'An example reply to a comment', '', 107, 753),
(44, 'auth0|664bd5f163b005fba106f584', NULL, 'An example answer to the question', '', 876, 952),
(44, 'auth0|664bd6110f4ade208667e532', NULL, 'An example answer to the question', '', 973, 561),
(45, 'auth0|664bd5d384b75fb6c997050f', NULL, 'An example answer to the question', '', 743, 723),
(45, 'auth0|664bd4e728f06973e1ad995b', NULL, 'An example answer to the question', '', 103, 167),
(45, 'auth0|664bd5133607699d90546f1f', NULL, 'An example answer to the question', '', 752, 771),
(45, 'auth0|664bd549cd7249b0adc687da', NULL, 'An example answer to the question', '', 606, 287),
(45, 'auth0|664bd549cd7249b0adc687da', 620, 'An example reply to a comment', '', 226, 299),
(45, 'auth0|664bd56128f06973e1ad9992', NULL, 'An example answer to the question', '', 308, 200),
(45, 'auth0|664bd56128f06973e1ad9992', 622, 'An example reply to a comment', '', 492, 611),
(45, 'auth0|664bd57c63b005fba106f53c', NULL, 'An example answer to the question', '', 283, 190),
(45, 'auth0|664bd59b84b75fb6c99704f1', NULL, 'An example answer to the question', '', 940, 59),
(45, 'auth0|664bd59b84b75fb6c99704f1', 625, 'An example reply to a comment', '', 850, 241),
(45, 'auth0|664bd5b4cd7249b0adc68813', NULL, 'An example answer to the question', '', 408, 720),
(45, 'auth0|664bd5f163b005fba106f584', NULL, 'An example answer to the question', '', 737, 764),
(45, 'auth0|664bd5f163b005fba106f584', 628, 'An example reply to a comment', '', 926, 930),
(45, 'auth0|664bd6110f4ade208667e532', NULL, 'An example answer to the question', '', 944, 983),
(45, 'auth0|664bd6110f4ade208667e532', 630, 'An example reply to a comment', '', 746, 106),
(46, 'auth0|664bd5d384b75fb6c997050f', NULL, 'An example answer to the question', '', 50, 740),
(46, 'auth0|664bd4e728f06973e1ad995b', NULL, 'An example answer to the question', '', 992, 818),
(46, 'auth0|664bd5133607699d90546f1f', NULL, 'An example answer to the question', '', 509, 399),
(46, 'auth0|664bd549cd7249b0adc687da', NULL, 'An example answer to the question', '', 423, 560),
(46, 'auth0|664bd56128f06973e1ad9992', NULL, 'An example answer to the question', '', 787, 827),
(46, 'auth0|664bd56128f06973e1ad9992', 636, 'An example reply to a comment', '', 774, 350),
(46, 'auth0|664bd57c63b005fba106f53c', NULL, 'An example answer to the question', '', 467, 686),
(46, 'auth0|664bd57c63b005fba106f53c', 638, 'An example reply to a comment', '', 614, 511),
(46, 'auth0|664bd59b84b75fb6c99704f1', NULL, 'An example answer to the question', '', 28, 20),
(46, 'auth0|664bd5b4cd7249b0adc68813', NULL, 'An example answer to the question', '', 265, 473),
(46, 'auth0|664bd5f163b005fba106f584', NULL, 'An example answer to the question', '', 42, 851),
(46, 'auth0|664bd5f163b005fba106f584', 642, 'An example reply to a comment', '', 155, 131),
(46, 'auth0|664bd6110f4ade208667e532', NULL, 'An example answer to the question', '', 519, 479),
(47, 'auth0|664bd5d384b75fb6c997050f', NULL, 'An example answer to the question', '', 430, 746),
(47, 'auth0|664bd4e728f06973e1ad995b', NULL, 'An example answer to the question', '', 834, 641),
(47, 'auth0|664bd4e728f06973e1ad995b', 646, 'An example reply to a comment', '', 383, 112),
(47, 'auth0|664bd5133607699d90546f1f', NULL, 'An example answer to the question', '', 553, 700),
(47, 'auth0|664bd5133607699d90546f1f', 648, 'An example reply to a comment', '', 942, 176),
(47, 'auth0|664bd549cd7249b0adc687da', NULL, 'An example answer to the question', '', 126, 48),
(47, 'auth0|664bd56128f06973e1ad9992', NULL, 'An example answer to the question', '', 254, 43),
(47, 'auth0|664bd56128f06973e1ad9992', 651, 'An example reply to a comment', '', 746, 485),
(47, 'auth0|664bd57c63b005fba106f53c', NULL, 'An example answer to the question', '', 606, 677),
(47, 'auth0|664bd59b84b75fb6c99704f1', NULL, 'An example answer to the question', '', 496, 538),
(47, 'auth0|664bd59b84b75fb6c99704f1', 654, 'An example reply to a comment', '', 103, 111),
(47, 'auth0|664bd5b4cd7249b0adc68813', NULL, 'An example answer to the question', '', 517, 956),
(47, 'auth0|664bd5b4cd7249b0adc68813', 656, 'An example reply to a comment', '', 859, 999),
(47, 'auth0|664bd5f163b005fba106f584', NULL, 'An example answer to the question', '', 45, 398),
(47, 'auth0|664bd5f163b005fba106f584', 658, 'An example reply to a comment', '', 887, 465),
(47, 'auth0|664bd6110f4ade208667e532', NULL, 'An example answer to the question', '', 290, 69),
(47, 'auth0|664bd6110f4ade208667e532', 660, 'An example reply to a comment', '', 676, 509),
(48, 'auth0|664bd5d384b75fb6c997050f', NULL, 'An example answer to the question', '', 845, 15),
(48, 'auth0|664bd5d384b75fb6c997050f', 662, 'An example reply to a comment', '', 43, 877),
(48, 'auth0|664bd4e728f06973e1ad995b', NULL, 'An example answer to the question', '', 919, 324),
(48, 'auth0|664bd4e728f06973e1ad995b', 664, 'An example reply to a comment', '', 499, 675),
(48, 'auth0|664bd5133607699d90546f1f', NULL, 'An example answer to the question', '', 393, 154),
(48, 'auth0|664bd549cd7249b0adc687da', NULL, 'An example answer to the question', '', 206, 720),
(48, 'auth0|664bd56128f06973e1ad9992', NULL, 'An example answer to the question', '', 825, 594),
(48, 'auth0|664bd56128f06973e1ad9992', 668, 'An example reply to a comment', '', 322, 955),
(48, 'auth0|664bd57c63b005fba106f53c', NULL, 'An example answer to the question', '', 89, 297),
(48, 'auth0|664bd57c63b005fba106f53c', 670, 'An example reply to a comment', '', 335, 51),
(48, 'auth0|664bd59b84b75fb6c99704f1', NULL, 'An example answer to the question', '', 784, 937),
(48, 'auth0|664bd59b84b75fb6c99704f1', 672, 'An example reply to a comment', '', 417, 811),
(48, 'auth0|664bd5b4cd7249b0adc68813', NULL, 'An example answer to the question', '', 830, 613),
(48, 'auth0|664bd5f163b005fba106f584', NULL, 'An example answer to the question', '', 871, 932),
(48, 'auth0|664bd6110f4ade208667e532', NULL, 'An example answer to the question', '', 868, 967),
(49, 'auth0|664bd5d384b75fb6c997050f', NULL, 'An example answer to the question', '', 46, 849),
(49, 'auth0|664bd4e728f06973e1ad995b', NULL, 'An example answer to the question', '', 423, 279),
(49, 'auth0|664bd5133607699d90546f1f', NULL, 'An example answer to the question', '', 130, 628),
(49, 'auth0|664bd549cd7249b0adc687da', NULL, 'An example answer to the question', '', 302, 359),
(49, 'auth0|664bd56128f06973e1ad9992', NULL, 'An example answer to the question', '', 122, 888),
(49, 'auth0|664bd56128f06973e1ad9992', 681, 'An example reply to a comment', '', 558, 992),
(49, 'auth0|664bd57c63b005fba106f53c', NULL, 'An example answer to the question', '', 874, 484),
(49, 'auth0|664bd59b84b75fb6c99704f1', NULL, 'An example answer to the question', '', 445, 141),
(49, 'auth0|664bd59b84b75fb6c99704f1', 684, 'An example reply to a comment', '', 873, 870),
(49, 'auth0|664bd5b4cd7249b0adc68813', NULL, 'An example answer to the question', '', 110, 135),
(49, 'auth0|664bd5f163b005fba106f584', NULL, 'An example answer to the question', '', 44, 297),
(49, 'auth0|664bd6110f4ade208667e532', NULL, 'An example answer to the question', '', 873, 944),
(49, 'auth0|664bd6110f4ade208667e532', 688, 'An example reply to a comment', '', 269, 341),
(50, 'auth0|664bd5d384b75fb6c997050f', NULL, 'An example answer to the question', '', 78, 931),
(50, 'auth0|664bd4e728f06973e1ad995b', NULL, 'An example answer to the question', '', 897, 879),
(50, 'auth0|664bd4e728f06973e1ad995b', 691, 'An example reply to a comment', '', 404, 718),
(50, 'auth0|664bd5133607699d90546f1f', NULL, 'An example answer to the question', '', 327, 211),
(50, 'auth0|664bd549cd7249b0adc687da', NULL, 'An example answer to the question', '', 21, 316),
(50, 'auth0|664bd56128f06973e1ad9992', NULL, 'An example answer to the question', '', 888, 541),
(50, 'auth0|664bd57c63b005fba106f53c', NULL, 'An example answer to the question', '', 355, 791),
(50, 'auth0|664bd59b84b75fb6c99704f1', NULL, 'An example answer to the question', '', 554, 151),
(50, 'auth0|664bd59b84b75fb6c99704f1', 697, 'An example reply to a comment', '', 260, 252),
(50, 'auth0|664bd5b4cd7249b0adc68813', NULL, 'An example answer to the question', '', 5, 334),
(50, 'auth0|664bd5f163b005fba106f584', NULL, 'An example answer to the question', '', 527, 403),
(50, 'auth0|664bd5f163b005fba106f584', 700, 'An example reply to a comment', '', 514, 213),
(50, 'auth0|664bd6110f4ade208667e532', NULL, 'An example answer to the question', '', 319, 524),
(50, 'auth0|664bd6110f4ade208667e532', 702, 'An example reply to a comment', '', 350, 282),
(51, 'auth0|664bd5d384b75fb6c997050f', NULL, 'An example answer to the question', '', 744, 244),
(51, 'auth0|664bd4e728f06973e1ad995b', NULL, 'An example answer to the question', '', 542, 953),
(51, 'auth0|664bd4e728f06973e1ad995b', 705, 'An example reply to a comment', '', 368, 486),
(51, 'auth0|664bd5133607699d90546f1f', NULL, 'An example answer to the question', '', 705, 928),
(51, 'auth0|664bd5133607699d90546f1f', 707, 'An example reply to a comment', '', 358, 976),
(51, 'auth0|664bd549cd7249b0adc687da', NULL, 'An example answer to the question', '', 391, 189),
(51, 'auth0|664bd56128f06973e1ad9992', NULL, 'An example answer to the question', '', 3, 545),
(51, 'auth0|664bd57c63b005fba106f53c', NULL, 'An example answer to the question', '', 807, 322),
(51, 'auth0|664bd59b84b75fb6c99704f1', NULL, 'An example answer to the question', '', 27, 746),
(51, 'auth0|664bd59b84b75fb6c99704f1', 712, 'An example reply to a comment', '', 439, 263),
(51, 'auth0|664bd5b4cd7249b0adc68813', NULL, 'An example answer to the question', '', 79, 135),
(51, 'auth0|664bd5f163b005fba106f584', NULL, 'An example answer to the question', '', 969, 895),
(51, 'auth0|664bd6110f4ade208667e532', NULL, 'An example answer to the question', '', 481, 187),
(51, 'auth0|664bd6110f4ade208667e532', 716, 'An example reply to a comment', '', 495, 710),
(52, 'auth0|664bd5d384b75fb6c997050f', NULL, 'An example answer to the question', '', 221, 310),
(52, 'auth0|664bd5d384b75fb6c997050f', 718, 'An example reply to a comment', '', 968, 307),
(52, 'auth0|664bd4e728f06973e1ad995b', NULL, 'An example answer to the question', '', 357, 610),
(52, 'auth0|664bd5133607699d90546f1f', NULL, 'An example answer to the question', '', 630, 374),
(52, 'auth0|664bd549cd7249b0adc687da', NULL, 'An example answer to the question', '', 263, 450),
(52, 'auth0|664bd56128f06973e1ad9992', NULL, 'An example answer to the question', '', 432, 556),
(52, 'auth0|664bd57c63b005fba106f53c', NULL, 'An example answer to the question', '', 144, 554),
(52, 'auth0|664bd59b84b75fb6c99704f1', NULL, 'An example answer to the question', '', 235, 594),
(52, 'auth0|664bd5b4cd7249b0adc68813', NULL, 'An example answer to the question', '', 654, 743),
(52, 'auth0|664bd5f163b005fba106f584', NULL, 'An example answer to the question', '', 139, 577),
(52, 'auth0|664bd6110f4ade208667e532', NULL, 'An example answer to the question', '', 583, 771),
(52, 'auth0|664bd6110f4ade208667e532', 728, 'An example reply to a comment', '', 635, 551),
(53, 'auth0|664bd5d384b75fb6c997050f', NULL, 'An example answer to the question', '', 108, 104),
(53, 'auth0|664bd4e728f06973e1ad995b', NULL, 'An example answer to the question', '', 660, 490),
(53, 'auth0|664bd4e728f06973e1ad995b', 731, 'An example reply to a comment', '', 766, 990),
(53, 'auth0|664bd5133607699d90546f1f', NULL, 'An example answer to the question', '', 233, 267),
(53, 'auth0|664bd549cd7249b0adc687da', NULL, 'An example answer to the question', '', 307, 752),
(53, 'auth0|664bd56128f06973e1ad9992', NULL, 'An example answer to the question', '', 458, 463),
(53, 'auth0|664bd57c63b005fba106f53c', NULL, 'An example answer to the question', '', 982, 383),
(53, 'auth0|664bd59b84b75fb6c99704f1', NULL, 'An example answer to the question', '', 851, 148),
(53, 'auth0|664bd5b4cd7249b0adc68813', NULL, 'An example answer to the question', '', 87, 716),
(53, 'auth0|664bd5f163b005fba106f584', NULL, 'An example answer to the question', '', 661, 163),
(53, 'auth0|664bd6110f4ade208667e532', NULL, 'An example answer to the question', '', 588, 844),
(53, 'auth0|664bd6110f4ade208667e532', 740, 'An example reply to a comment', '', 491, 584),
(54, 'auth0|664bd5d384b75fb6c997050f', NULL, 'An example answer to the question', '', 960, 737),
(54, 'auth0|664bd5d384b75fb6c997050f', 742, 'An example reply to a comment', '', 854, 302),
(54, 'auth0|664bd4e728f06973e1ad995b', NULL, 'An example answer to the question', '', 977, 275),
(54, 'auth0|664bd4e728f06973e1ad995b', 744, 'An example reply to a comment', '', 225, 803),
(54, 'auth0|664bd5133607699d90546f1f', NULL, 'An example answer to the question', '', 595, 429),
(54, 'auth0|664bd549cd7249b0adc687da', NULL, 'An example answer to the question', '', 399, 657),
(54, 'auth0|664bd56128f06973e1ad9992', NULL, 'An example answer to the question', '', 813, 656),
(54, 'auth0|664bd57c63b005fba106f53c', NULL, 'An example answer to the question', '', 244, 142),
(54, 'auth0|664bd57c63b005fba106f53c', 749, 'An example reply to a comment', '', 179, 723),
(54, 'auth0|664bd59b84b75fb6c99704f1', NULL, 'An example answer to the question', '', 120, 633),
(54, 'auth0|664bd5b4cd7249b0adc68813', NULL, 'An example answer to the question', '', 321, 941),
(54, 'auth0|664bd5f163b005fba106f584', NULL, 'An example answer to the question', '', 356, 863),
(54, 'auth0|664bd6110f4ade208667e532', NULL, 'An example answer to the question', '', 525, 62),
(55, 'auth0|664bd5d384b75fb6c997050f', NULL, 'An example answer to the question', '', 422, 502),
(55, 'auth0|664bd5d384b75fb6c997050f', 755, 'An example reply to a comment', '', 603, 281),
(55, 'auth0|664bd4e728f06973e1ad995b', NULL, 'An example answer to the question', '', 700, 818),
(55, 'auth0|664bd4e728f06973e1ad995b', 757, 'An example reply to a comment', '', 6, 606),
(55, 'auth0|664bd5133607699d90546f1f', NULL, 'An example answer to the question', '', 382, 490),
(55, 'auth0|664bd549cd7249b0adc687da', NULL, 'An example answer to the question', '', 389, 885),
(55, 'auth0|664bd56128f06973e1ad9992', NULL, 'An example answer to the question', '', 409, 319),
(55, 'auth0|664bd57c63b005fba106f53c', NULL, 'An example answer to the question', '', 234, 871),
(55, 'auth0|664bd59b84b75fb6c99704f1', NULL, 'An example answer to the question', '', 275, 991),
(55, 'auth0|664bd59b84b75fb6c99704f1', 763, 'An example reply to a comment', '', 183, 183),
(55, 'auth0|664bd5b4cd7249b0adc68813', NULL, 'An example answer to the question', '', 786, 555),
(55, 'auth0|664bd5b4cd7249b0adc68813', 765, 'An example reply to a comment', '', 457, 537),
(55, 'auth0|664bd5f163b005fba106f584', NULL, 'An example answer to the question', '', 440, 318),
(55, 'auth0|664bd5f163b005fba106f584', 767, 'An example reply to a comment', '', 217, 413),
(55, 'auth0|664bd6110f4ade208667e532', NULL, 'An example answer to the question', '', 212, 554),
(55, 'auth0|664bd6110f4ade208667e532', 769, 'An example reply to a comment', '', 207, 241),
(56, 'auth0|664bd5d384b75fb6c997050f', NULL, 'An example answer to the question', '', 231, 610),
(56, 'auth0|664bd4e728f06973e1ad995b', NULL, 'An example answer to the question', '', 354, 754),
(56, 'auth0|664bd4e728f06973e1ad995b', 772, 'An example reply to a comment', '', 263, 921),
(56, 'auth0|664bd5133607699d90546f1f', NULL, 'An example answer to the question', '', 375, 84),
(56, 'auth0|664bd549cd7249b0adc687da', NULL, 'An example answer to the question', '', 254, 816),
(56, 'auth0|664bd56128f06973e1ad9992', NULL, 'An example answer to the question', '', 552, 863),
(56, 'auth0|664bd56128f06973e1ad9992', 776, 'An example reply to a comment', '', 210, 937),
(56, 'auth0|664bd57c63b005fba106f53c', NULL, 'An example answer to the question', '', 484, 146),
(56, 'auth0|664bd59b84b75fb6c99704f1', NULL, 'An example answer to the question', '', 664, 521),
(56, 'auth0|664bd59b84b75fb6c99704f1', 779, 'An example reply to a comment', '', 428, 508),
(56, 'auth0|664bd5b4cd7249b0adc68813', NULL, 'An example answer to the question', '', 35, 116),
(56, 'auth0|664bd5f163b005fba106f584', NULL, 'An example answer to the question', '', 208, 966),
(56, 'auth0|664bd5f163b005fba106f584', 782, 'An example reply to a comment', '', 737, 456),
(56, 'auth0|664bd6110f4ade208667e532', NULL, 'An example answer to the question', '', 799, 333);
